timestamp,symbol,interval,signal_type,entry,tp,sl,explanation
2024-12-17 22:27:39.816641,LINKUSDT,60,buy,28.075,29.04,27.35,Сигнал на купівлю:
MACD(-0.26) > Signal(-0.29)
RSI(46.71) < 50
Ціна (28.07) біля нижньої Bollinger Band(27.57)
2024-12-17 22:30:47.070067,LINKUSDT,60,buy,28.0894,29.05,27.37,Сигнал на купівлю:
MACD(-0.26) > Signal(-0.29)
RSI(46.92) < 50
Ціна(28.09) біля нижньої Bollinger Band(27.57)
2024-12-17 22:36:57.563630,LINKUSDT,60,buy,28.013,28.97,27.29,Сигнал на купівлю:
MACD(-0.27) > Signal(-0.29)
RSI(45.85) < 50
Ціна(28.01) біля нижньої Bollinger Band(27.56)
2024-12-17 22:52:12.367711,LINKUSDT,60,buy,27.863,28.86,27.11,Сигнал на купівлю:
MACD(-0.28) > Signal(-0.29)
RSI(43.88) < 50
Ціна(27.86) близько нижньої Bollinger(27.54)
2024-12-26 00:26:51.306114,BCHUSDT,1h,buy,464.99,474.63,457.76,Сигнал на купівлю:
MACD(-0.40) > Signal(-0.51)
RSI(49.04) < 50
Ціна(464.99) близько нижньої Bollinger(458.46)
(Патерн свічки підсилює сигнал: Hammer або Bullish Engulfing)
2024-12-26 00:26:55.724823,XRPUSDT,1h,buy,2.2991,2.35,2.26,Сигнал на купівлю:
MACD(0.00) > Signal(0.00)
RSI(48.75) < 50
Ціна(2.30) близько нижньої Bollinger(2.27)
(Патерн свічки підсилює сигнал: Hammer або Bullish Engulfing)
2024-12-26 00:27:14.652728,ADAUSDT,1h,buy,0.92,0.94,0.9,Сигнал на купівлю:
MACD(-0.00) > Signal(-0.00)
RSI(49.02) < 50
Ціна(0.92) близько нижньої Bollinger(0.91)
(Патерн свічки підсилює сигнал: Hammer або Bullish Engulfing)
2024-12-26 00:27:30.883132,ATOMUSDT,1h,sell,6.968,6.79,7.1,Сигнал на продаж:
MACD(0.00) < Signal(0.00)
RSI(51.40) > 50
Ціна(6.97) близько верхньої Bollinger(7.00)
(Doji може вказувати на невизначеність)
2024-12-26 00:27:58.618599,DOTUSDT,1h,sell,7.523,7.32,7.67,Сигнал на продаж:
MACD(0.02) < Signal(0.02)
RSI(50.67) > 50
Ціна(7.52) близько верхньої Bollinger(7.55)
2024-12-26 00:28:04.239972,TRBUSDT,1h,sell,66.022,64.29,67.32,Сигнал на продаж:
MACD(0.12) < Signal(0.17)
RSI(50.50) > 50
Ціна(66.02) близько верхньої Bollinger(66.41)
2024-12-26 00:28:09.086262,SOLUSDT,1h,sell,198.36,194.24,201.45,Сигнал на продаж:
MACD(0.53) < Signal(0.79)
RSI(53.88) > 50
Ціна(198.36) близько верхньої Bollinger(199.76)
2024-12-26 00:28:25.258035,1INCHUSDT,1h,sell,0.4175,0.41,0.43,Сигнал на продаж:
MACD(0.00) < Signal(0.00)
RSI(53.99) > 50
Ціна(0.42) близько верхньої Bollinger(0.42)
(Doji може вказувати на невизначеність)
2024-12-26 00:29:26.032780,USDCUSDT,1h,buy,1.000338,1.0,1.0,Сигнал на купівлю:
MACD(0.00) > Signal(-0.00)
RSI(49.87) < 50
Ціна(1.00) близько нижньої Bollinger(1.00)
(Патерн свічки підсилює сигнал: Hammer або Bullish Engulfing)
2024-12-26 00:29:30.230682,ARBUSDT,1h,buy,0.8027,0.82,0.79,Сигнал на купівлю:
MACD(-0.00) > Signal(-0.00)
RSI(44.83) < 50
Ціна(0.80) близько нижньої Bollinger(0.79)
2024-12-26 00:30:03.556283,TOKENUSDT,1h,sell,0.05776,0.06,0.06,Сигнал на продаж:
MACD(0.00) < Signal(0.00)
RSI(50.85) > 50
Ціна(0.06) близько верхньої Bollinger(0.06)
2024-12-26 00:30:06.971908,STEEMUSDT,1h,buy,0.21578,0.22,0.21,Сигнал на купівлю:
MACD(-0.00) > Signal(-0.00)
RSI(39.95) < 50
Ціна(0.22) близько нижньої Bollinger(0.21)
(Патерн свічки підсилює сигнал: Hammer або Bullish Engulfing)
2024-12-26 00:30:17.870010,JTOUSDT,1h,sell,3.249,3.16,3.31,Сигнал на продаж:
MACD(0.02) < Signal(0.02)
RSI(60.58) > 50
Ціна(3.25) близько верхньої Bollinger(3.27)
2024-12-26 00:30:33.252802,OMUSDT,1h,sell,3.77084,3.68,3.84,Сигнал на продаж:
MACD(0.00) < Signal(0.00)
RSI(50.27) > 50
Ціна(3.77) близько верхньої Bollinger(3.82)
2024-12-26 00:30:39.017921,TONUSDT,1h,sell,5.9732,5.82,6.09,Сигнал на продаж:
MACD(0.04) < Signal(0.05)
RSI(51.48) > 50
Ціна(5.97) близько верхньої Bollinger(6.06)
2024-12-26 00:30:54.845702,ZKUSDT,1h,sell,0.21276,0.2,0.22,Сигнал на продаж:
MACD(0.00) < Signal(0.00)
RSI(52.62) > 50
Ціна(0.21) близько верхньої Bollinger(0.22)
2024-12-26 00:30:59.913340,BTCUSDT_241227,1h,sell,99497.2,98096.14,100547.99,Сигнал на продаж:
MACD(468.51) < Signal(472.57)
RSI(60.38) > 50
Ціна(99497.20) близько верхньої Bollinger(99590.21)
2024-12-26 00:31:33.895632,GOATUSDT,1h,buy,0.4827,0.5,0.47,Сигнал на купівлю:
MACD(-0.01) > Signal(-0.01)
RSI(41.21) < 50
Ціна(0.48) близько нижньої Bollinger(0.47)
2024-12-26 00:31:43.724912,DRIFTUSDT,1h,sell,1.4353,1.36,1.49,Сигнал на продаж:
MACD(0.03) < Signal(0.03)
RSI(65.33) > 50
Ціна(1.44) близько верхньої Bollinger(1.42)
2024-12-26 00:32:00.929984,MOVEUSDT,1h,sell,1.1956,1.07,1.29,Сигнал на продаж:
MACD(0.05) < Signal(0.05)
RSI(67.92) > 50
Ціна(1.20) близько верхньої Bollinger(1.20)
2024-12-26 00:32:03.885911,RAYSOLUSDT,1h,sell,5.2699,5.08,5.41,Сигнал на продаж:
MACD(0.05) < Signal(0.06)
RSI(54.26) > 50
Ціна(5.27) близько верхньої Bollinger(5.32)
2024-12-26 00:59:55.683971,USDCUSDT,1h,buy,1.000338,1.0,1.0,Сигнал на купівлю:
MACD(0.00) > Signal(-0.00)
RSI(49.87) < 50
Ціна(1.00) близько нижньої Bollinger(1.00)
(Патерн свічки підсилює сигнал: Hammer або Bullish Engulfing)
2024-12-26 01:00:36.415329,PYTHUSDT,1h,sell,0.39306,0.38,0.4,Сигнал на продаж:
MACD(-0.00) < Signal(0.00)
RSI(51.83) > 50
Ціна(0.39) близько верхньої Bollinger(0.40)
(Doji може вказувати на невизначеність)
2024-12-26 01:00:41.992436,JTOUSDT,1h,sell,3.2302,3.14,3.3,Сигнал на продаж:
MACD(0.01) < Signal(0.02)
RSI(57.64) > 50
Ціна(3.23) близько верхньої Bollinger(3.26)
(Doji може вказувати на невизначеність)
2024-12-26 01:00:46.842925,ACEUSDT,1h,sell,2.2301,2.17,2.28,Сигнал на продаж:
MACD(0.00) < Signal(0.01)
RSI(50.99) > 50
Ціна(2.23) близько верхньої Bollinger(2.26)
2024-12-26 01:00:55.997813,JUPUSDT,1h,sell,0.8923,0.87,0.91,Сигнал на продаж:
MACD(0.00) < Signal(0.00)
RSI(50.90) > 50
Ціна(0.89) близько верхньої Bollinger(0.91)
2024-12-26 01:01:00.898200,OMUSDT,1h,sell,3.75078,3.67,3.81,Сигнал на продаж:
MACD(-0.00) < Signal(0.00)
RSI(50.10) > 50
Ціна(3.75) близько верхньої Bollinger(3.82)
2024-12-26 01:01:06.463114,TONUSDT,1h,sell,5.9464,5.8,6.05,Сигнал на продаж:
MACD(0.04) < Signal(0.05)
RSI(53.43) > 50
Ціна(5.95) близько верхньої Bollinger(6.05)
2024-12-26 01:01:10.929118,METISUSDT,1h,sell,46.4,45.32,47.21,Сигнал на продаж:
MACD(-0.10) < Signal(-0.05)
RSI(50.65) > 50
Ціна(46.40) близько верхньої Bollinger(47.07)
2024-12-26 01:01:23.039749,TURBOUSDT,1h,sell,0.0112045,0.01,0.01,Сигнал на продаж:
MACD(0.00) < Signal(0.00)
RSI(54.01) > 50
Ціна(0.01) близько верхньої Bollinger(0.01)
2024-12-26 01:01:26.691562,ZKUSDT,1h,sell,0.21258,0.2,0.22,Сигнал на продаж:
MACD(0.00) < Signal(0.00)
RSI(56.28) > 50
Ціна(0.21) близько верхньої Bollinger(0.22)
2024-12-26 01:01:31.294795,BTCUSDT_241227,1h,sell,99161.7,97840.44,100152.64,Сигнал на продаж:
MACD(428.01) < Signal(459.99)
RSI(63.66) > 50
Ціна(99161.70) близько верхньої Bollinger(99580.35)
(Doji може вказувати на невизначеність)
2024-12-26 01:01:33.674060,ETHUSDT_241227,1h,sell,3486.04,3435.58,3523.89,Сигнал на продаж:
MACD(4.48) < Signal(5.82)
RSI(54.16) > 50
Ціна(3486.04) близько верхньої Bollinger(3510.98)
(Doji може вказувати на невизначеність)
2024-12-26 01:02:01.117048,BTCUSDT_250328,1h,sell,102236.2,100935.33,103211.85,Сигнал на продаж:
MACD(444.70) < Signal(468.17)
RSI(64.66) > 50
Ціна(102236.20) близько верхньої Bollinger(102616.19)
(Doji може вказувати на невизначеність)
2024-12-26 01:02:03.651845,ETHUSDT_250328,1h,sell,3594.38,3540.91,3634.48,Сигнал на продаж:
MACD(4.44) < Signal(5.63)
RSI(54.72) > 50
Ціна(3594.38) близько верхньої Bollinger(3621.10)
(Doji може вказувати на невизначеність)
2024-12-26 01:04:34.721406,SLERFUSDT,1h,sell,0.1772,0.17,0.18,Сигнал на продаж:
MACD(-0.00) < Signal(0.00)
RSI(50.84) > 50
Ціна(0.18) близько верхньої Bollinger(0.18)
2024-12-26 01:04:45.357639,RAYSOLUSDT,1h,sell,5.2996,5.11,5.44,Сигнал на продаж:
MACD(0.05) < Signal(0.06)
RSI(53.79) > 50
Ціна(5.30) близько верхньої Bollinger(5.32)
2024-12-26 01:04:49.057696,VIRTUALUSDT,1h,sell,3.2178,3.04,3.35,Сигнал на продаж:
MACD(0.03) < Signal(0.03)
RSI(55.65) > 50
Ціна(3.22) близько верхньої Bollinger(3.27)
2024-12-26 01:04:51.721509,SPXUSDT,1h,sell,0.835,0.8,0.86,Сигнал на продаж:
MACD(0.00) < Signal(0.01)
RSI(56.77) > 50
Ціна(0.83) близько верхньої Bollinger(0.85)
2024-12-26 01:04:57.997993,VANAUSDT,1h,sell,19.158,18.13,19.93,Сигнал на продаж:
MACD(0.20) < Signal(0.24)
RSI(63.16) > 50
Ціна(19.16) близько верхньої Bollinger(19.45)
2024-12-27 01:11:10.350561,ETHUSDT,1h,buy,3347.63,3408.78,3301.77,Сигнал на купівлю:
MACD(-25.95) > Signal(-29.26)
RSI(40.84) < 50
Ціна(3347.63) близько нижньої Bollinger(3297.76)
(Патерн свічки підсилює сигнал: Hammer або Bullish Engulfing)
2024-12-27 01:11:13.724406,BCHUSDT,1h,buy,438.08,446.59,431.69,Сигнал на купівлю:
MACD(-4.72) > Signal(-5.37)
RSI(43.76) < 50
Ціна(438.08) близько нижньої Bollinger(430.73)
(Патерн свічки підсилює сигнал: Hammer або Bullish Engulfing)
2024-12-27 01:11:17.733567,XRPUSDT,1h,buy,2.1568,2.21,2.11,Сигнал на купівлю:
MACD(-0.03) > Signal(-0.03)
RSI(39.09) < 50
Ціна(2.16) близько нижньої Bollinger(2.12)
(Патерн свічки підсилює сигнал: Hammer або Bullish Engulfing)
2024-12-27 01:11:21.351117,EOSUSDT,1h,buy,0.786,0.81,0.77,Сигнал на купівлю:
MACD(-0.01) > Signal(-0.01)
RSI(42.55) < 50
Ціна(0.79) близько нижньої Bollinger(0.77)
2024-12-27 01:11:24.319115,LTCUSDT,1h,buy,102.49,104.9,100.68,Сигнал на купівлю:
MACD(-1.24) > Signal(-1.34)
RSI(37.34) < 50
Ціна(102.49) близько нижньої Bollinger(100.61)
(Патерн свічки підсилює сигнал: Hammer або Bullish Engulfing)
2024-12-27 01:11:27.971543,ETCUSDT,1h,buy,26.018,26.61,25.58,Сигнал на купівлю:
MACD(-0.26) > Signal(-0.31)
RSI(46.12) < 50
Ціна(26.02) близько нижньої Bollinger(25.53)
(Патерн свічки підсилює сигнал: Hammer або Bullish Engulfing)
2024-12-27 01:11:30.605229,LINKUSDT,1h,buy,22.766,23.36,22.32,Сигнал на купівлю:
MACD(-0.33) > Signal(-0.37)
RSI(40.58) < 50
Ціна(22.77) близько нижньої Bollinger(22.42)
(Патерн свічки підсилює сигнал: Hammer або Bullish Engulfing)
2024-12-27 01:11:35.362094,XLMUSDT,1h,buy,0.35667,0.37,0.35,Сигнал на купівлю:
MACD(-0.01) > Signal(-0.01)
RSI(40.38) < 50
Ціна(0.36) близько нижньої Bollinger(0.35)
(Патерн свічки підсилює сигнал: Hammer або Bullish Engulfing)
2024-12-27 01:11:38.626331,ADAUSDT,1h,buy,0.8631,0.88,0.85,Сигнал на купівлю:
MACD(-0.01) > Signal(-0.01)
RSI(41.92) < 50
Ціна(0.86) близько нижньої Bollinger(0.85)
(Патерн свічки підсилює сигнал: Hammer або Bullish Engulfing)
2024-12-27 01:11:43.340897,XTZUSDT,1h,buy,1.351,1.39,1.32,Сигнал на купівлю:
MACD(-0.01) > Signal(-0.01)
RSI(46.40) < 50
Ціна(1.35) близько нижньої Bollinger(1.33)
(Патерн свічки підсилює сигнал: Hammer або Bullish Engulfing)
2024-12-27 01:11:46.662495,ATOMUSDT,1h,buy,6.501,6.65,6.39,Сигнал на купівлю:
MACD(-0.07) > Signal(-0.08)
RSI(42.01) < 50
Ціна(6.50) близько нижньої Bollinger(6.43)
(Патерн свічки підсилює сигнал: Hammer або Bullish Engulfing)
2024-12-27 01:11:50.599273,ONTUSDT,1h,buy,0.229,0.24,0.22,Сигнал на купівлю:
MACD(-0.00) > Signal(-0.00)
RSI(33.80) < 50
Ціна(0.23) близько нижньої Bollinger(0.23)
(Патерн свічки підсилює сигнал: Hammer або Bullish Engulfing)
2024-12-27 01:11:53.936778,IOTAUSDT,1h,buy,0.2921,0.3,0.29,Сигнал на купівлю:
MACD(-0.01) > Signal(-0.01)
RSI(31.92) < 50
Ціна(0.29) близько нижньої Bollinger(0.29)
(Патерн свічки підсилює сигнал: Hammer або Bullish Engulfing)
2024-12-27 01:11:56.801408,BATUSDT,1h,buy,0.2449,0.26,0.24,Сигнал на купівлю:
MACD(-0.00) > Signal(-0.00)
RSI(39.64) < 50
Ціна(0.24) близько нижньої Bollinger(0.24)
(Патерн свічки підсилює сигнал: Hammer або Bullish Engulfing)
2024-12-27 01:11:59.411020,VETUSDT,1h,buy,0.046822,0.05,0.05,Сигнал на купівлю:
MACD(-0.00) > Signal(-0.00)
RSI(32.02) < 50
Ціна(0.05) близько нижньої Bollinger(0.05)
(Патерн свічки підсилює сигнал: Hammer або Bullish Engulfing)
2024-12-27 01:12:02.026484,NEOUSDT,1h,buy,13.901,14.24,13.65,Сигнал на купівлю:
MACD(-0.20) > Signal(-0.23)
RSI(44.82) < 50
Ціна(13.90) близько нижньої Bollinger(13.69)
(Патерн свічки підсилює сигнал: Hammer або Bullish Engulfing)
2024-12-27 01:12:06.059453,QTUMUSDT,1h,buy,3.107,3.18,3.05,Сигнал на купівлю:
MACD(-0.04) > Signal(-0.04)
RSI(36.41) < 50
Ціна(3.11) близько нижньої Bollinger(3.07)
2024-12-27 01:12:08.816626,IOSTUSDT,1h,buy,0.006565,0.01,0.01,Сигнал на купівлю:
MACD(-0.00) > Signal(-0.00)
RSI(33.81) < 50
Ціна(0.01) близько нижньої Bollinger(0.01)
2024-12-27 01:12:12.295237,ALGOUSDT,1h,buy,0.3482,0.36,0.34,Сигнал на купівлю:
MACD(-0.01) > Signal(-0.01)
RSI(33.03) < 50
Ціна(0.35) близько нижньої Bollinger(0.34)
(Патерн свічки підсилює сигнал: Hammer або Bullish Engulfing)
2024-12-27 01:12:14.960477,ZILUSDT,1h,buy,0.021,0.02,0.02,Сигнал на купівлю:
MACD(-0.00) > Signal(-0.00)
RSI(37.21) < 50
Ціна(0.02) близько нижньої Bollinger(0.02)
(Патерн свічки підсилює сигнал: Hammer або Bullish Engulfing)
2024-12-27 01:12:17.805265,KNCUSDT,1h,buy,0.5245,0.54,0.51,Сигнал на купівлю:
MACD(-0.01) > Signal(-0.01)
RSI(42.25) < 50
Ціна(0.52) близько нижньої Bollinger(0.52)
(Патерн свічки підсилює сигнал: Hammer або Bullish Engulfing)
2024-12-27 01:12:20.398674,ZRXUSDT,1h,buy,0.4627,0.48,0.45,Сигнал на купівлю:
MACD(-0.01) > Signal(-0.01)
RSI(32.53) < 50
Ціна(0.46) близько нижньої Bollinger(0.46)
(Патерн свічки підсилює сигнал: Hammer або Bullish Engulfing)
2024-12-27 01:12:23.458214,COMPUSDT,1h,buy,79.5,81.44,78.04,Сигнал на купівлю:
MACD(-1.23) > Signal(-1.38)
RSI(34.87) < 50
Ціна(79.50) близько нижньої Bollinger(78.01)
(Патерн свічки підсилює сигнал: Hammer або Bullish Engulfing)
2024-12-27 01:12:26.518138,DOGEUSDT,1h,buy,0.31274,0.32,0.31,Сигнал на купівлю:
MACD(-0.00) > Signal(-0.00)
RSI(33.72) < 50
Ціна(0.31) близько нижньої Bollinger(0.31)
(Патерн свічки підсилює сигнал: Hammer або Bullish Engulfing)
2024-12-27 01:12:29.117688,SXPUSDT,1h,buy,0.2946,0.3,0.29,Сигнал на купівлю:
MACD(-0.00) > Signal(-0.01)
RSI(35.96) < 50
Ціна(0.29) близько нижньої Bollinger(0.29)
2024-12-27 01:12:33.076631,KAVAUSDT,1h,buy,0.4472,0.46,0.44,Сигнал на купівлю:
MACD(-0.01) > Signal(-0.01)
RSI(42.64) < 50
Ціна(0.45) близько нижньої Bollinger(0.44)
(Патерн свічки підсилює сигнал: Hammer або Bullish Engulfing)
2024-12-27 01:12:35.618491,BANDUSDT,1h,buy,1.4261,1.46,1.4,Сигнал на купівлю:
MACD(-0.02) > Signal(-0.02)
RSI(32.84) < 50
Ціна(1.43) близько нижньої Bollinger(1.40)
(Патерн свічки підсилює сигнал: Hammer або Bullish Engulfing)
2024-12-27 01:12:40.569627,DOTUSDT,1h,buy,6.972,7.15,6.84,Сигнал на купівлю:
MACD(-0.09) > Signal(-0.10)
RSI(44.34) < 50
Ціна(6.97) близько нижньої Bollinger(6.86)
2024-12-27 01:12:44.085173,YFIUSDT,1h,buy,8567.0,8777.29,8409.29,Сигнал на купівлю:
MACD(-105.42) > Signal(-124.76)
RSI(44.30) < 50
Ціна(8567.00) близько нижньої Bollinger(8404.31)
2024-12-27 01:12:46.700616,BALUSDT,1h,buy,2.537,2.6,2.49,Сигнал на купівлю:
MACD(-0.03) > Signal(-0.03)
RSI(42.75) < 50
Ціна(2.54) близько нижньої Bollinger(2.50)
(Патерн свічки підсилює сигнал: Hammer або Bullish Engulfing)
2024-12-27 01:12:49.910706,TRBUSDT,1h,buy,62.123,63.72,60.93,Сигнал на купівлю:
MACD(-0.68) > Signal(-0.78)
RSI(43.62) < 50
Ціна(62.12) близько нижньої Bollinger(61.08)
(Патерн свічки підсилює сигнал: Hammer або Bullish Engulfing)
2024-12-27 01:12:53.871214,EGLDUSDT,1h,buy,33.74,34.67,33.04,Сигнал на купівлю:
MACD(-0.43) > Signal(-0.47)
RSI(34.75) < 50
Ціна(33.74) близько нижньої Bollinger(33.33)
(Патерн свічки підсилює сигнал: Hammer або Bullish Engulfing)
2024-12-27 01:13:00.885859,SOLUSDT,1h,buy,188.99,193.2,185.83,Сигнал на купівлю:
MACD(-1.52) > Signal(-1.72)
RSI(46.60) < 50
Ціна(188.99) близько нижньої Bollinger(186.40)
2024-12-27 01:13:05.933450,ICXUSDT,1h,buy,0.1736,0.18,0.17,Сигнал на купівлю:
MACD(-0.00) > Signal(-0.00)
RSI(42.68) < 50
Ціна(0.17) близько нижньої Bollinger(0.17)
(Патерн свічки підсилює сигнал: Hammer або Bullish Engulfing)
2024-12-27 01:13:12.106471,STORJUSDT,1h,buy,0.461,0.47,0.45,Сигнал на купівлю:
MACD(-0.01) > Signal(-0.01)
RSI(33.07) < 50
Ціна(0.46) близько нижньої Bollinger(0.45)
(Патерн свічки підсилює сигнал: Hammer або Bullish Engulfing)
2024-12-27 01:13:18.838577,AVAXUSDT,1h,buy,37.329,38.24,36.65,Сигнал на купівлю:
MACD(-0.57) > Signal(-0.61)
RSI(33.07) < 50
Ціна(37.33) близько нижньої Bollinger(36.87)
(Патерн свічки підсилює сигнал: Hammer або Bullish Engulfing)
2024-12-27 01:13:23.865452,ENJUSDT,1h,buy,0.21853,0.22,0.21,Сигнал на купівлю:
MACD(-0.00) > Signal(-0.00)
RSI(25.73) < 50
Ціна(0.22) близько нижньої Bollinger(0.22)
(Патерн свічки підсилює сигнал: Hammer або Bullish Engulfing)
2024-12-27 01:13:28.424249,KSMUSDT,1h,buy,34.009,35.02,33.25,Сигнал на купівлю:
MACD(-0.40) > Signal(-0.46)
RSI(38.98) < 50
Ціна(34.01) близько нижньої Bollinger(33.43)
(Патерн свічки підсилює сигнал: Hammer або Bullish Engulfing)
2024-12-27 01:13:38.779116,FILUSDT,1h,buy,4.998,5.12,4.9,Сигнал на купівлю:
MACD(-0.06) > Signal(-0.07)
RSI(43.66) < 50
Ціна(5.00) близько нижньої Bollinger(4.93)
(Патерн свічки підсилює сигнал: Hammer або Bullish Engulfing)
2024-12-27 01:13:48.407033,LRCUSDT,1h,buy,0.20051,0.21,0.2,Сигнал на купівлю:
MACD(-0.00) > Signal(-0.00)
RSI(36.11) < 50
Ціна(0.20) близько нижньої Bollinger(0.20)
2024-12-27 01:13:56.179053,BELUSDT,1h,buy,0.5665,0.58,0.56,Сигнал на купівлю:
MACD(-0.01) > Signal(-0.01)
RSI(33.06) < 50
Ціна(0.57) близько нижньої Bollinger(0.56)
(Патерн свічки підсилює сигнал: Hammer або Bullish Engulfing)
2024-12-27 01:14:04.656847,AXSUSDT,1h,buy,6.319,6.47,6.21,Сигнал на купівлю:
MACD(-0.08) > Signal(-0.09)
RSI(44.77) < 50
Ціна(6.32) близько нижньої Bollinger(6.21)
(Патерн свічки підсилює сигнал: Hammer або Bullish Engulfing)
2024-12-27 01:14:11.239067,SKLUSDT,1h,buy,0.04937,0.05,0.05,Сигнал на купівлю:
MACD(-0.00) > Signal(-0.00)
RSI(42.82) < 50
Ціна(0.05) близько нижньої Bollinger(0.05)
(Патерн свічки підсилює сигнал: Hammer або Bullish Engulfing)
2024-12-27 01:14:15.957733,GRTUSDT,1h,buy,0.20842,0.21,0.2,Сигнал на купівлю:
MACD(-0.00) > Signal(-0.00)
RSI(40.22) < 50
Ціна(0.21) близько нижньої Bollinger(0.21)
(Патерн свічки підсилює сигнал: Hammer або Bullish Engulfing)
2024-12-27 01:14:21.509376,SANDUSDT,1h,buy,0.55593,0.57,0.55,Сигнал на купівлю:
MACD(-0.01) > Signal(-0.01)
RSI(30.78) < 50
Ціна(0.56) близько нижньої Bollinger(0.55)
(Патерн свічки підсилює сигнал: Hammer або Bullish Engulfing)
2024-12-27 01:14:27.769387,ANKRUSDT,1h,buy,0.03495,0.04,0.03,Сигнал на купівлю:
MACD(-0.00) > Signal(-0.00)
RSI(33.22) < 50
Ціна(0.03) близько нижньої Bollinger(0.03)
2024-12-27 01:14:34.498188,LITUSDT,1h,buy,0.871,0.9,0.85,Сигнал на купівлю:
MACD(-0.01) > Signal(-0.01)
RSI(44.44) < 50
Ціна(0.87) близько нижньої Bollinger(0.86)
2024-12-27 01:14:43.343688,SFPUSDT,1h,buy,0.7059,0.72,0.69,Сигнал на купівлю:
MACD(-0.01) > Signal(-0.01)
RSI(43.71) < 50
Ціна(0.71) близько нижньої Bollinger(0.70)
(Патерн свічки підсилює сигнал: Hammer або Bullish Engulfing)
2024-12-27 01:14:49.688545,COTIUSDT,1h,buy,0.12119,0.12,0.12,Сигнал на купівлю:
MACD(-0.00) > Signal(-0.00)
RSI(37.30) < 50
Ціна(0.12) близько нижньої Bollinger(0.12)
2024-12-27 01:14:54.780884,CHRUSDT,1h,buy,0.2371,0.24,0.23,Сигнал на купівлю:
MACD(-0.00) > Signal(-0.00)
RSI(36.08) < 50
Ціна(0.24) близько нижньої Bollinger(0.23)
2024-12-27 01:15:01.481130,MANAUSDT,1h,buy,0.4896,0.5,0.48,Сигнал на купівлю:
MACD(-0.01) > Signal(-0.01)
RSI(33.91) < 50
Ціна(0.49) близько нижньої Bollinger(0.48)
(Патерн свічки підсилює сигнал: Hammer або Bullish Engulfing)
2024-12-27 01:15:06.413810,ALICEUSDT,1h,buy,1.124,1.15,1.1,Сигнал на купівлю:
MACD(-0.01) > Signal(-0.02)
RSI(40.30) < 50
Ціна(1.12) близько нижньої Bollinger(1.11)
(Патерн свічки підсилює сигнал: Hammer або Bullish Engulfing)
2024-12-27 01:15:10.195379,HBARUSDT,1h,buy,0.28539,0.29,0.28,Сигнал на купівлю:
MACD(-0.01) > Signal(-0.01)
RSI(34.09) < 50
Ціна(0.29) близько нижньої Bollinger(0.28)
(Патерн свічки підсилює сигнал: Hammer або Bullish Engulfing)
2024-12-27 01:15:13.453933,ONEUSDT,1h,buy,0.02962,0.03,0.03,Сигнал на купівлю:
MACD(-0.00) > Signal(-0.00)
RSI(27.54) < 50
Ціна(0.03) близько нижньої Bollinger(0.03)
(Патерн свічки підсилює сигнал: Hammer або Bullish Engulfing)
2024-12-27 01:15:17.694942,STMXUSDT,1h,buy,0.0057,0.01,0.01,Сигнал на купівлю:
MACD(-0.00) > Signal(-0.00)
RSI(28.95) < 50
Ціна(0.01) близько нижньої Bollinger(0.01)
(Патерн свічки підсилює сигнал: Hammer або Bullish Engulfing)
2024-12-27 01:15:22.891548,DENTUSDT,1h,buy,0.001215,0.0,0.0,Сигнал на купівлю:
MACD(-0.00) > Signal(-0.00)
RSI(38.39) < 50
Ціна(0.00) близько нижньої Bollinger(0.00)
(Патерн свічки підсилює сигнал: Hammer або Bullish Engulfing)
2024-12-27 01:15:26.282875,CELRUSDT,1h,buy,0.02017,0.02,0.02,Сигнал на купівлю:
MACD(-0.00) > Signal(-0.00)
RSI(29.41) < 50
Ціна(0.02) близько нижньої Bollinger(0.02)
(Патерн свічки підсилює сигнал: Hammer або Bullish Engulfing)
2024-12-27 01:15:30.061206,MTLUSDT,1h,buy,1.1047,1.13,1.08,Сигнал на купівлю:
MACD(-0.02) > Signal(-0.02)
RSI(33.96) < 50
Ціна(1.10) близько нижньої Bollinger(1.09)
(Патерн свічки підсилює сигнал: Hammer або Bullish Engulfing)
2024-12-27 01:15:33.441600,OGNUSDT,1h,buy,0.11,0.11,0.11,Сигнал на купівлю:
MACD(-0.00) > Signal(-0.00)
RSI(47.95) < 50
Ціна(0.11) близько нижньої Bollinger(0.11)
2024-12-27 01:15:37.938731,NKNUSDT,1h,buy,0.09774,0.1,0.1,Сигнал на купівлю:
MACD(-0.00) > Signal(-0.00)
RSI(35.17) < 50
Ціна(0.10) близько нижньої Bollinger(0.10)
(Патерн свічки підсилює сигнал: Hammer або Bullish Engulfing)
2024-12-27 01:15:41.031529,1000SHIBUSDT,1h,buy,0.021601,0.02,0.02,Сигнал на купівлю:
MACD(-0.00) > Signal(-0.00)
RSI(45.04) < 50
Ціна(0.02) близько нижньої Bollinger(0.02)
(Патерн свічки підсилює сигнал: Hammer або Bullish Engulfing)
2024-12-27 01:15:45.564139,GTCUSDT,1h,buy,0.732,0.75,0.72,Сигнал на купівлю:
MACD(-0.01) > Signal(-0.01)
RSI(43.40) < 50
Ціна(0.73) близько нижньої Bollinger(0.72)
(Патерн свічки підсилює сигнал: Hammer або Bullish Engulfing)
2024-12-27 01:15:49.258067,BTCDOMUSDT,1h,sell,3171.7,3135.81,3198.61,Сигнал на продаж:
MACD(10.86) < Signal(12.16)
RSI(65.94) > 50
Ціна(3171.70) близько верхньої Bollinger(3195.07)
(Doji може вказувати на невизначеність)
2024-12-27 01:15:58.912953,CELOUSDT,1h,buy,0.658,0.67,0.65,Сигнал на купівлю:
MACD(-0.01) > Signal(-0.01)
RSI(39.13) < 50
Ціна(0.66) близько нижньої Bollinger(0.65)
(Патерн свічки підсилює сигнал: Hammer або Bullish Engulfing)
2024-12-27 01:16:03.250216,ARUSDT,1h,buy,16.368,16.91,15.96,Сигнал на купівлю:
MACD(-0.17) > Signal(-0.18)
RSI(36.75) < 50
Ціна(16.37) близько нижньої Bollinger(16.09)
(Патерн свічки підсилює сигнал: Hammer або Bullish Engulfing)
2024-12-27 01:16:07.504961,ARPAUSDT,1h,buy,0.04932,0.05,0.05,Сигнал на купівлю:
MACD(-0.00) > Signal(-0.00)
RSI(48.00) < 50
Ціна(0.05) близько нижньої Bollinger(0.05)
(Патерн свічки підсилює сигнал: Hammer або Bullish Engulfing)
2024-12-27 01:16:10.745726,CTSIUSDT,1h,buy,0.1552,0.16,0.15,Сигнал на купівлю:
MACD(-0.00) > Signal(-0.00)
RSI(44.33) < 50
Ціна(0.16) близько нижньої Bollinger(0.15)
(Патерн свічки підсилює сигнал: Hammer або Bullish Engulfing)
2024-12-27 01:16:16.015386,ROSEUSDT,1h,buy,0.08135,0.08,0.08,Сигнал на купівлю:
MACD(-0.00) > Signal(-0.00)
RSI(41.14) < 50
Ціна(0.08) близько нижньої Bollinger(0.08)
(Патерн свічки підсилює сигнал: Hammer або Bullish Engulfing)
2024-12-27 01:16:19.543394,FLOWUSDT,1h,buy,0.709,0.73,0.7,Сигнал на купівлю:
MACD(-0.01) > Signal(-0.01)
RSI(40.00) < 50
Ціна(0.71) близько нижньої Bollinger(0.70)
(Патерн свічки підсилює сигнал: Hammer або Bullish Engulfing)
2024-12-27 01:16:22.981230,IMXUSDT,1h,buy,1.3412,1.37,1.32,Сигнал на купівлю:
MACD(-0.02) > Signal(-0.02)
RSI(38.40) < 50
Ціна(1.34) близько нижньої Bollinger(1.32)
(Патерн свічки підсилює сигнал: Hammer або Bullish Engulfing)
2024-12-27 01:16:27.773467,WOOUSDT,1h,buy,0.21162,0.22,0.21,Сигнал на купівлю:
MACD(-0.00) > Signal(-0.00)
RSI(46.23) < 50
Ціна(0.21) близько нижньої Bollinger(0.21)
(Патерн свічки підсилює сигнал: Hammer або Bullish Engulfing)
2024-12-27 01:16:32.855504,INJUSDT,1h,buy,21.277,21.78,20.9,Сигнал на купівлю:
MACD(-0.26) > Signal(-0.31)
RSI(47.46) < 50
Ціна(21.28) близько нижньої Bollinger(20.93)
(Патерн свічки підсилює сигнал: Hammer або Bullish Engulfing)
2024-12-27 01:16:36.347146,SPELLUSDT,1h,buy,0.0007491,0.0,0.0,Сигнал на купівлю:
MACD(-0.00) > Signal(-0.00)
RSI(42.32) < 50
Ціна(0.00) близько нижньої Bollinger(0.00)
(Патерн свічки підсилює сигнал: Hammer або Bullish Engulfing)
2024-12-27 01:16:42.061056,APTUSDT,1h,buy,8.8859,9.15,8.69,Сигнал на купівлю:
MACD(-0.14) > Signal(-0.15)
RSI(44.81) < 50
Ціна(8.89) близько нижньої Bollinger(8.74)
(Патерн свічки підсилює сигнал: Hammer або Bullish Engulfing)
2024-12-27 01:16:45.705648,QNTUSDT,1h,buy,112.05,114.65,110.1,Сигнал на купівлю:
MACD(-1.29) > Signal(-1.58)
RSI(43.43) < 50
Ціна(112.05) близько нижньої Bollinger(110.13)
(Патерн свічки підсилює сигнал: Hammer або Bullish Engulfing)
2024-12-27 01:16:48.796589,FETUSDT,1h,buy,1.2749,1.31,1.25,Сигнал на купівлю:
MACD(-0.01) > Signal(-0.02)
RSI(43.18) < 50
Ціна(1.27) близько нижньої Bollinger(1.25)
(Патерн свічки підсилює сигнал: Hammer або Bullish Engulfing)
2024-12-27 01:16:52.877437,HOOKUSDT,1h,buy,0.4035,0.41,0.4,Сигнал на купівлю:
MACD(-0.01) > Signal(-0.01)
RSI(36.33) < 50
Ціна(0.40) близько нижньої Bollinger(0.40)
(Патерн свічки підсилює сигнал: Hammer або Bullish Engulfing)
2024-12-27 01:16:56.824661,TUSDT,1h,buy,0.02663,0.03,0.03,Сигнал на купівлю:
MACD(-0.00) > Signal(-0.00)
RSI(40.00) < 50
Ціна(0.03) близько нижньої Bollinger(0.03)
(Патерн свічки підсилює сигнал: Hammer або Bullish Engulfing)
2024-12-27 01:17:00.176414,HIGHUSDT,1h,buy,1.433,1.47,1.4,Сигнал на купівлю:
MACD(-0.02) > Signal(-0.02)
RSI(34.07) < 50
Ціна(1.43) близько нижньої Bollinger(1.42)
(Патерн свічки підсилює сигнал: Hammer або Bullish Engulfing)
2024-12-27 01:17:04.477853,MINAUSDT,1h,buy,0.5921,0.61,0.58,Сигнал на купівлю:
MACD(-0.01) > Signal(-0.01)
RSI(41.09) < 50
Ціна(0.59) близько нижньої Bollinger(0.58)
(Патерн свічки підсилює сигнал: Hammer або Bullish Engulfing)
2024-12-27 01:17:09.165185,CFXUSDT,1h,buy,0.15856,0.16,0.16,Сигнал на купівлю:
MACD(-0.00) > Signal(-0.00)
RSI(48.66) < 50
Ціна(0.16) близько нижньої Bollinger(0.16)
2024-12-27 01:17:12.203352,STXUSDT,1h,buy,1.5802,1.62,1.55,Сигнал на купівлю:
MACD(-0.02) > Signal(-0.02)
RSI(49.39) < 50
Ціна(1.58) близько нижньої Bollinger(1.55)
(Патерн свічки підсилює сигнал: Hammer або Bullish Engulfing)
2024-12-27 01:17:15.021993,BNXUSDT,1h,buy,0.403,0.41,0.4,Сигнал на купівлю:
MACD(-0.00) > Signal(-0.01)
RSI(46.04) < 50
Ціна(0.40) близько нижньої Bollinger(0.40)
(Патерн свічки підсилює сигнал: Hammer або Bullish Engulfing)
2024-12-27 01:17:17.765426,ACHUSDT,1h,buy,0.024003,0.02,0.02,Сигнал на купівлю:
MACD(-0.00) > Signal(-0.00)
RSI(38.62) < 50
Ціна(0.02) близько нижньої Bollinger(0.02)
(Патерн свічки підсилює сигнал: Hammer або Bullish Engulfing)
2024-12-27 01:17:21.875004,CKBUSDT,1h,buy,0.011497,0.01,0.01,Сигнал на купівлю:
MACD(-0.00) > Signal(-0.00)
RSI(41.33) < 50
Ціна(0.01) близько нижньої Bollinger(0.01)
2024-12-27 01:17:25.450865,PERPUSDT,1h,buy,0.7813,0.8,0.77,Сигнал на купівлю:
MACD(-0.01) > Signal(-0.01)
RSI(31.59) < 50
Ціна(0.78) близько нижньої Bollinger(0.77)
(Патерн свічки підсилює сигнал: Hammer або Bullish Engulfing)
2024-12-27 01:17:31.003510,IDUSDT,1h,buy,0.42986,0.44,0.42,Сигнал на купівлю:
MACD(-0.01) > Signal(-0.01)
RSI(46.29) < 50
Ціна(0.43) близько нижньої Bollinger(0.42)
(Патерн свічки підсилює сигнал: Hammer або Bullish Engulfing)
2024-12-27 01:17:34.558381,JOEUSDT,1h,buy,0.39046,0.4,0.38,Сигнал на купівлю:
MACD(-0.01) > Signal(-0.01)
RSI(34.30) < 50
Ціна(0.39) близько нижньої Bollinger(0.38)
(Патерн свічки підсилює сигнал: Hammer або Bullish Engulfing)
2024-12-27 01:17:37.880063,TLMUSDT,1h,buy,0.013,0.01,0.01,Сигнал на купівлю:
MACD(-0.00) > Signal(-0.00)
RSI(37.65) < 50
Ціна(0.01) близько нижньої Bollinger(0.01)
(Патерн свічки підсилює сигнал: Hammer або Bullish Engulfing)
2024-12-27 01:17:41.463200,AMBUSDT,1h,buy,0.007188,0.01,0.01,Сигнал на купівлю:
MACD(-0.00) > Signal(-0.00)
RSI(34.22) < 50
Ціна(0.01) близько нижньої Bollinger(0.01)
(Патерн свічки підсилює сигнал: Hammer або Bullish Engulfing)
2024-12-27 01:17:44.818795,LEVERUSDT,1h,buy,0.0017151,0.0,0.0,Сигнал на купівлю:
MACD(-0.00) > Signal(-0.00)
RSI(43.65) < 50
Ціна(0.00) близько нижньої Bollinger(0.00)
(Патерн свічки підсилює сигнал: Hammer або Bullish Engulfing)
2024-12-27 01:17:48.022364,RDNTUSDT,1h,buy,0.05851,0.06,0.06,Сигнал на купівлю:
MACD(-0.00) > Signal(-0.00)
RSI(46.24) < 50
Ціна(0.06) близько нижньої Bollinger(0.06)
(Патерн свічки підсилює сигнал: Hammer або Bullish Engulfing)
2024-12-27 01:17:51.779160,HFTUSDT,1h,buy,0.20734,0.21,0.2,Сигнал на купівлю:
MACD(-0.00) > Signal(-0.00)
RSI(34.67) < 50
Ціна(0.21) близько нижньої Bollinger(0.20)
(Патерн свічки підсилює сигнал: Hammer або Bullish Engulfing)
2024-12-27 01:17:55.086702,XVSUSDT,1h,buy,9.476,9.71,9.3,Сигнал на купівлю:
MACD(-0.10) > Signal(-0.12)
RSI(47.36) < 50
Ціна(9.48) близько нижньої Bollinger(9.30)
(Патерн свічки підсилює сигнал: Hammer або Bullish Engulfing)
2024-12-27 01:17:58.276839,BLURUSDT,1h,buy,0.24558,0.25,0.24,Сигнал на купівлю:
MACD(-0.00) > Signal(-0.01)
RSI(32.26) < 50
Ціна(0.25) близько нижньої Bollinger(0.24)
(Патерн свічки підсилює сигнал: Hammer або Bullish Engulfing)
2024-12-27 01:18:01.084756,EDUUSDT,1h,buy,0.5343,0.55,0.52,Сигнал на купівлю:
MACD(-0.00) > Signal(-0.00)
RSI(47.39) < 50
Ціна(0.53) близько нижньої Bollinger(0.53)
(Патерн свічки підсилює сигнал: Hammer або Bullish Engulfing)
2024-12-27 01:18:04.212552,SUIUSDT,1h,buy,4.2183,4.34,4.13,Сигнал на купівлю:
MACD(-0.06) > Signal(-0.07)
RSI(41.83) < 50
Ціна(4.22) близько нижньої Bollinger(4.14)
(Патерн свічки підсилює сигнал: Hammer або Bullish Engulfing)
2024-12-27 01:18:09.076926,COMBOUSDT,1h,buy,0.4403,0.45,0.43,Сигнал на купівлю:
MACD(-0.01) > Signal(-0.01)
RSI(43.23) < 50
Ціна(0.44) близько нижньої Bollinger(0.43)
(Патерн свічки підсилює сигнал: Hammer або Bullish Engulfing)
2024-12-27 01:18:12.211683,NMRUSDT,1h,buy,15.291,15.71,14.98,Сигнал на купівлю:
MACD(-0.21) > Signal(-0.24)
RSI(40.32) < 50
Ціна(15.29) близько нижньої Bollinger(14.99)
(Патерн свічки підсилює сигнал: Hammer або Bullish Engulfing)
2024-12-27 01:18:15.245812,MAVUSDT,1h,buy,0.2002,0.21,0.2,Сигнал на купівлю:
MACD(-0.00) > Signal(-0.00)
RSI(23.60) < 50
Ціна(0.20) близько нижньої Bollinger(0.20)
(Патерн свічки підсилює сигнал: Hammer або Bullish Engulfing)
2024-12-27 01:18:20.063342,ARKMUSDT,1h,buy,1.4864,1.53,1.45,Сигнал на купівлю:
MACD(-0.02) > Signal(-0.02)
RSI(41.06) < 50
Ціна(1.49) близько нижньої Bollinger(1.47)
(Патерн свічки підсилює сигнал: Hammer або Bullish Engulfing)
2024-12-27 01:18:23.747606,YGGUSDT,1h,buy,0.5036,0.52,0.49,Сигнал на купівлю:
MACD(-0.01) > Signal(-0.01)
RSI(44.75) < 50
Ціна(0.50) близько нижньої Bollinger(0.49)
(Патерн свічки підсилює сигнал: Hammer або Bullish Engulfing)
2024-12-27 01:18:27.003657,DODOXUSDT,1h,buy,0.148689,0.15,0.15,Сигнал на купівлю:
MACD(-0.00) > Signal(-0.00)
RSI(47.24) < 50
Ціна(0.15) близько нижньої Bollinger(0.15)
(Патерн свічки підсилює сигнал: Hammer або Bullish Engulfing)
2024-12-27 01:18:31.208216,SEIUSDT,1h,buy,0.4213,0.43,0.41,Сигнал на купівлю:
MACD(-0.01) > Signal(-0.01)
RSI(34.78) < 50
Ціна(0.42) близько нижньої Bollinger(0.41)
(Патерн свічки підсилює сигнал: Hammer або Bullish Engulfing)
2024-12-27 01:18:34.961012,HIFIUSDT,1h,buy,0.533,0.55,0.52,Сигнал на купівлю:
MACD(-0.00) > Signal(-0.01)
RSI(48.50) < 50
Ціна(0.53) близько нижньої Bollinger(0.53)
2024-12-27 01:18:38.260152,ARKUSDT,1h,buy,0.4879,0.5,0.48,Сигнал на купівлю:
MACD(-0.01) > Signal(-0.01)
RSI(25.00) < 50
Ціна(0.49) близько нижньої Bollinger(0.49)
2024-12-27 01:18:41.765827,BICOUSDT,1h,buy,0.2864,0.29,0.28,Сигнал на купівлю:
MACD(-0.00) > Signal(-0.00)
RSI(38.96) < 50
Ціна(0.29) близько нижньої Bollinger(0.28)
(Патерн свічки підсилює сигнал: Hammer або Bullish Engulfing)
2024-12-27 01:18:45.054634,BIGTIMEUSDT,1h,buy,0.14265,0.15,0.14,Сигнал на купівлю:
MACD(-0.00) > Signal(-0.00)
RSI(40.66) < 50
Ціна(0.14) близько нижньої Bollinger(0.14)
(Патерн свічки підсилює сигнал: Hammer або Bullish Engulfing)
2024-12-27 01:18:48.462855,WAXPUSDT,1h,buy,0.04056,0.04,0.04,Сигнал на купівлю:
MACD(-0.00) > Signal(-0.00)
RSI(33.33) < 50
Ціна(0.04) близько нижньої Bollinger(0.04)
(Патерн свічки підсилює сигнал: Hammer або Bullish Engulfing)
2024-12-27 01:18:51.563431,BSVUSDT,1h,buy,53.32,54.52,52.42,Сигнал на купівлю:
MACD(-0.59) > Signal(-0.67)
RSI(38.61) < 50
Ціна(53.32) близько нижньої Bollinger(52.52)
(Патерн свічки підсилює сигнал: Hammer або Bullish Engulfing)
2024-12-27 01:18:55.139124,RIFUSDT,1h,buy,0.10271,0.11,0.1,Сигнал на купівлю:
MACD(-0.00) > Signal(-0.00)
RSI(40.57) < 50
Ціна(0.10) близько нижньої Bollinger(0.10)
(Патерн свічки підсилює сигнал: Hammer або Bullish Engulfing)
2024-12-27 01:18:59.267946,POLYXUSDT,1h,buy,0.25504,0.26,0.25,Сигнал на купівлю:
MACD(-0.00) > Signal(-0.01)
RSI(35.39) < 50
Ціна(0.26) близько нижньої Bollinger(0.25)
(Патерн свічки підсилює сигнал: Hammer або Bullish Engulfing)
2024-12-27 01:19:02.525125,GASUSDT,1h,buy,4.422,4.52,4.35,Сигнал на купівлю:
MACD(-0.06) > Signal(-0.07)
RSI(40.98) < 50
Ціна(4.42) близько нижньої Bollinger(4.37)
(Патерн свічки підсилює сигнал: Hammer або Bullish Engulfing)
2024-12-27 01:19:05.725044,POWRUSDT,1h,buy,0.2323,0.24,0.23,Сигнал на купівлю:
MACD(-0.00) > Signal(-0.00)
RSI(43.08) < 50
Ціна(0.23) близько нижньої Bollinger(0.23)
(Патерн свічки підсилює сигнал: Hammer або Bullish Engulfing)
2024-12-27 01:19:10.787639,TWTUSDT,1h,buy,1.197,1.22,1.18,Сигнал на купівлю:
MACD(-0.01) > Signal(-0.02)
RSI(37.00) < 50
Ціна(1.20) близько нижньої Bollinger(1.18)
(Патерн свічки підсилює сигнал: Hammer або Bullish Engulfing)
2024-12-27 01:19:15.016671,ORDIUSDT,1h,buy,25.755,26.44,25.24,Сигнал на купівлю:
MACD(-0.30) > Signal(-0.36)
RSI(48.87) < 50
Ціна(25.75) близько нижньої Bollinger(25.32)
(Патерн свічки підсилює сигнал: Hammer або Bullish Engulfing)
2024-12-27 01:19:17.976213,STEEMUSDT,1h,buy,0.20497,0.21,0.2,Сигнал на купівлю:
MACD(-0.00) > Signal(-0.00)
RSI(35.28) < 50
Ціна(0.20) близько нижньої Bollinger(0.20)
(Патерн свічки підсилює сигнал: Hammer або Bullish Engulfing)
2024-12-27 01:19:21.130390,BADGERUSDT,1h,buy,4.1306,4.26,4.04,Сигнал на купівлю:
MACD(-0.03) > Signal(-0.04)
RSI(37.00) < 50
Ціна(4.13) близько нижньої Bollinger(4.10)
(Патерн свічки підсилює сигнал: Hammer або Bullish Engulfing)
2024-12-27 01:19:24.123227,ILVUSDT,1h,buy,39.591,40.56,38.86,Сигнал на купівлю:
MACD(-0.56) > Signal(-0.63)
RSI(38.09) < 50
Ціна(39.59) близько нижньої Bollinger(38.93)
(Патерн свічки підсилює сигнал: Hammer або Bullish Engulfing)
2024-12-27 01:19:27.120964,NTRNUSDT,1h,buy,0.3631,0.37,0.36,Сигнал на купівлю:
MACD(-0.01) > Signal(-0.01)
RSI(35.55) < 50
Ціна(0.36) близько нижньої Bollinger(0.36)
(Патерн свічки підсилює сигнал: Hammer або Bullish Engulfing)
2024-12-27 01:19:30.053567,KASUSDT,1h,buy,0.11259,0.12,0.11,Сигнал на купівлю:
MACD(-0.00) > Signal(-0.00)
RSI(37.21) < 50
Ціна(0.11) близько нижньої Bollinger(0.11)
(Патерн свічки підсилює сигнал: Hammer або Bullish Engulfing)
2024-12-27 01:19:33.129501,BEAMXUSDT,1h,buy,0.027267,0.03,0.03,Сигнал на купівлю:
MACD(-0.00) > Signal(-0.00)
RSI(45.33) < 50
Ціна(0.03) близько нижньої Bollinger(0.03)
(Патерн свічки підсилює сигнал: Hammer або Bullish Engulfing)
2024-12-27 01:19:36.709009,PYTHUSDT,1h,buy,0.36414,0.37,0.36,Сигнал на купівлю:
MACD(-0.01) > Signal(-0.01)
RSI(38.90) < 50
Ціна(0.36) близько нижньої Bollinger(0.36)
(Патерн свічки підсилює сигнал: Hammer або Bullish Engulfing)
2024-12-27 01:19:40.152100,SUPERUSDT,1h,buy,1.5818,1.63,1.55,Сигнал на купівлю:
MACD(-0.03) > Signal(-0.03)
RSI(38.61) < 50
Ціна(1.58) близько нижньої Bollinger(1.56)
(Патерн свічки підсилює сигнал: Hammer або Bullish Engulfing)
2024-12-27 01:19:43.960665,ONGUSDT,1h,buy,0.3103,0.32,0.3,Сигнал на купівлю:
MACD(-0.00) > Signal(-0.01)
RSI(38.84) < 50
Ціна(0.31) близько нижньої Bollinger(0.31)
(Патерн свічки підсилює сигнал: Hammer або Bullish Engulfing)
2024-12-27 01:19:47.451607,ETHWUSDT,1h,buy,3.2486,3.34,3.18,Сигнал на купівлю:
MACD(-0.03) > Signal(-0.04)
RSI(49.07) < 50
Ціна(3.25) близько нижньої Bollinger(3.19)
(Патерн свічки підсилює сигнал: Hammer або Bullish Engulfing)
2024-12-27 01:19:51.131047,1000SATSUSDT,1h,buy,0.0001704,0.0,0.0,Сигнал на купівлю:
MACD(-0.00) > Signal(-0.00)
RSI(36.79) < 50
Ціна(0.00) близько нижньої Bollinger(0.00)
(Патерн свічки підсилює сигнал: Hammer або Bullish Engulfing)
2024-12-27 01:19:55.387080,ACEUSDT,1h,buy,2.073,2.13,2.03,Сигнал на купівлю:
MACD(-0.03) > Signal(-0.03)
RSI(33.39) < 50
Ціна(2.07) близько нижньої Bollinger(2.04)
(Патерн свічки підсилює сигнал: Hammer або Bullish Engulfing)
2024-12-27 01:19:59.370433,NFPUSDT,1h,buy,0.276,0.28,0.27,Сигнал на купівлю:
MACD(-0.00) > Signal(-0.01)
RSI(33.33) < 50
Ціна(0.28) близько нижньої Bollinger(0.27)
(Патерн свічки підсилює сигнал: Hammer або Bullish Engulfing)
2024-12-27 01:20:04.487655,MANTAUSDT,1h,buy,0.8494,0.87,0.83,Сигнал на купівлю:
MACD(-0.01) > Signal(-0.02)
RSI(31.01) < 50
Ціна(0.85) близько нижньої Bollinger(0.84)
(Патерн свічки підсилює сигнал: Hammer або Bullish Engulfing)
2024-12-27 01:20:08.387639,ONDOUSDT,1h,buy,1.4495,1.5,1.41,Сигнал на купівлю:
MACD(-0.03) > Signal(-0.04)
RSI(33.33) < 50
Ціна(1.45) близько нижньої Bollinger(1.43)
(Патерн свічки підсилює сигнал: Hammer або Bullish Engulfing)
2024-12-27 01:20:11.436864,LSKUSDT,1h,buy,0.916,0.94,0.9,Сигнал на купівлю:
MACD(-0.01) > Signal(-0.01)
RSI(44.40) < 50
Ціна(0.92) близько нижньої Bollinger(0.90)
2024-12-27 01:20:14.378228,ALTUSDT,1h,buy,0.11205,0.11,0.11,Сигнал на купівлю:
MACD(-0.00) > Signal(-0.00)
RSI(29.61) < 50
Ціна(0.11) близько нижньої Bollinger(0.11)
(Патерн свічки підсилює сигнал: Hammer або Bullish Engulfing)
2024-12-27 01:20:17.154800,JUPUSDT,1h,buy,0.8358,0.86,0.82,Сигнал на купівлю:
MACD(-0.01) > Signal(-0.01)
RSI(42.53) < 50
Ціна(0.84) близько нижньої Bollinger(0.83)
(Патерн свічки підсилює сигнал: Hammer або Bullish Engulfing)
2024-12-27 01:20:20.709672,ZETAUSDT,1h,buy,0.5667,0.58,0.56,Сигнал на купівлю:
MACD(-0.01) > Signal(-0.01)
RSI(39.39) < 50
Ціна(0.57) близько нижньої Bollinger(0.56)
2024-12-27 01:20:24.063637,RONINUSDT,1h,buy,1.9068,1.95,1.87,Сигнал на купівлю:
MACD(-0.02) > Signal(-0.02)
RSI(37.77) < 50
Ціна(1.91) близько нижньої Bollinger(1.88)
(Патерн свічки підсилює сигнал: Hammer або Bullish Engulfing)
2024-12-27 01:20:27.164004,DYMUSDT,1h,buy,1.389,1.43,1.36,Сигнал на купівлю:
MACD(-0.02) > Signal(-0.02)
RSI(40.59) < 50
Ціна(1.39) близько нижньої Bollinger(1.36)
2024-12-27 01:20:30.275393,OMUSDT,1h,buy,3.6335,3.72,3.57,Сигнал на купівлю:
MACD(-0.02) > Signal(-0.02)
RSI(48.54) < 50
Ціна(3.63) близько нижньої Bollinger(3.60)
(Патерн свічки підсилює сигнал: Hammer або Bullish Engulfing)
2024-12-27 01:20:33.142780,PIXELUSDT,1h,buy,0.15508,0.16,0.15,Сигнал на купівлю:
MACD(-0.00) > Signal(-0.00)
RSI(44.93) < 50
Ціна(0.16) близько нижньої Bollinger(0.15)
2024-12-27 01:20:36.151271,STRKUSDT,1h,buy,0.4666,0.48,0.46,Сигнал на купівлю:
MACD(-0.01) > Signal(-0.01)
RSI(41.11) < 50
Ціна(0.47) близько нижньої Bollinger(0.46)
(Патерн свічки підсилює сигнал: Hammer або Bullish Engulfing)
2024-12-27 01:20:38.971884,GLMUSDT,1h,buy,0.3437,0.35,0.34,Сигнал на купівлю:
MACD(-0.01) > Signal(-0.01)
RSI(31.92) < 50
Ціна(0.34) близько нижньої Bollinger(0.34)
(Патерн свічки підсилює сигнал: Hammer або Bullish Engulfing)
2024-12-27 01:20:42.566306,PORTALUSDT,1h,buy,0.3052,0.31,0.3,Сигнал на купівлю:
MACD(-0.00) > Signal(-0.01)
RSI(41.31) < 50
Ціна(0.31) близько нижньої Bollinger(0.30)
(Патерн свічки підсилює сигнал: Hammer або Bullish Engulfing)
2024-12-27 01:20:45.509722,TONUSDT,1h,buy,5.7307,5.86,5.64,Сигнал на купівлю:
MACD(-0.03) > Signal(-0.03)
RSI(46.04) < 50
Ціна(5.73) близько нижньої Bollinger(5.67)
(Патерн свічки підсилює сигнал: Hammer або Bullish Engulfing)
2024-12-27 01:20:48.492363,AXLUSDT,1h,buy,0.7253,0.74,0.71,Сигнал на купівлю:
MACD(-0.01) > Signal(-0.02)
RSI(33.12) < 50
Ціна(0.73) близько нижньої Bollinger(0.71)
(Патерн свічки підсилює сигнал: Hammer або Bullish Engulfing)
2024-12-27 01:20:51.960700,MYROUSDT,1h,buy,0.06402,0.07,0.06,Сигнал на купівлю:
MACD(-0.00) > Signal(-0.00)
RSI(45.69) < 50
Ціна(0.06) близько нижньої Bollinger(0.06)
(Патерн свічки підсилює сигнал: Hammer або Bullish Engulfing)
2024-12-27 01:20:55.989654,AEVOUSDT,1h,buy,0.3627,0.37,0.36,Сигнал на купівлю:
MACD(-0.00) > Signal(-0.01)
RSI(40.21) < 50
Ціна(0.36) близько нижньої Bollinger(0.36)
(Патерн свічки підсилює сигнал: Hammer або Bullish Engulfing)
2024-12-27 01:20:59.037248,VANRYUSDT,1h,buy,0.11182,0.12,0.11,Сигнал на купівлю:
MACD(-0.00) > Signal(-0.00)
RSI(36.81) < 50
Ціна(0.11) близько нижньої Bollinger(0.11)
(Патерн свічки підсилює сигнал: Hammer або Bullish Engulfing)
2024-12-27 01:21:04.854552,TNSRUSDT,1h,buy,0.4397,0.45,0.43,Сигнал на купівлю:
MACD(-0.01) > Signal(-0.01)
RSI(39.77) < 50
Ціна(0.44) близько нижньої Bollinger(0.43)
(Патерн свічки підсилює сигнал: Hammer або Bullish Engulfing)
2024-12-27 01:21:07.984230,SAGAUSDT,1h,buy,1.4243,1.47,1.39,Сигнал на купівлю:
MACD(-0.02) > Signal(-0.02)
RSI(44.72) < 50
Ціна(1.42) близько нижньої Bollinger(1.40)
(Патерн свічки підсилює сигнал: Hammer або Bullish Engulfing)
2024-12-27 01:21:11.007435,TAOUSDT,1h,buy,469.67,482.42,460.11,Сигнал на купівлю:
MACD(-5.18) > Signal(-5.84)
RSI(35.63) < 50
Ціна(469.67) близько нижньої Bollinger(465.72)
2024-12-27 01:21:13.983633,OMNIUSDT,1h,buy,8.215,8.44,8.05,Сигнал на купівлю:
MACD(-0.15) > Signal(-0.17)
RSI(35.30) < 50
Ціна(8.21) близько нижньої Bollinger(8.08)
(Патерн свічки підсилює сигнал: Hammer або Bullish Engulfing)
2024-12-27 01:21:17.606372,REZUSDT,1h,buy,0.03416,0.04,0.03,Сигнал на купівлю:
MACD(-0.00) > Signal(-0.00)
RSI(39.19) < 50
Ціна(0.03) близько нижньої Bollinger(0.03)
(Патерн свічки підсилює сигнал: Hammer або Bullish Engulfing)
2024-12-27 01:21:20.878677,BBUSDT,1h,buy,0.40766,0.42,0.4,Сигнал на купівлю:
MACD(-0.00) > Signal(-0.00)
RSI(43.51) < 50
Ціна(0.41) близько нижньої Bollinger(0.40)
(Патерн свічки підсилює сигнал: Hammer або Bullish Engulfing)
2024-12-27 01:21:24.017208,NOTUSDT,1h,buy,0.006283,0.01,0.01,Сигнал на купівлю:
MACD(-0.00) > Signal(-0.00)
RSI(34.99) < 50
Ціна(0.01) близько нижньої Bollinger(0.01)
2024-12-27 01:21:27.823639,IOUSDT,1h,buy,2.8596,2.94,2.8,Сигнал на купівлю:
MACD(-0.04) > Signal(-0.05)
RSI(40.08) < 50
Ціна(2.86) близько нижньої Bollinger(2.81)
2024-12-27 01:21:31.172650,MEWUSDT,1h,buy,0.0062,0.01,0.01,Сигнал на купівлю:
MACD(-0.00) > Signal(-0.00)
RSI(36.10) < 50
Ціна(0.01) близько нижньої Bollinger(0.01)
2024-12-27 01:21:34.515266,LISTAUSDT,1h,buy,0.4143,0.43,0.41,Сигнал на купівлю:
MACD(-0.01) > Signal(-0.01)
RSI(34.12) < 50
Ціна(0.41) близько нижньої Bollinger(0.41)
(Патерн свічки підсилює сигнал: Hammer або Bullish Engulfing)
2024-12-27 01:21:37.308431,ZROUSDT,1h,buy,5.7442,5.92,5.61,Сигнал на купівлю:
MACD(-0.04) > Signal(-0.05)
RSI(46.21) < 50
Ціна(5.74) близько нижньої Bollinger(5.68)
(Патерн свічки підсилює сигнал: Hammer або Bullish Engulfing)
2024-12-27 01:21:42.098366,ETHUSDT_241227,1h,buy,3345.23,3405.05,3300.36,Сигнал на купівлю:
MACD(-26.81) > Signal(-29.84)
RSI(39.40) < 50
Ціна(3345.23) близько нижньої Bollinger(3300.06)
(Патерн свічки підсилює сигнал: Hammer або Bullish Engulfing)
2024-12-27 01:21:45.123005,RENDERUSDT,1h,buy,7.115,7.3,6.98,Сигнал на купівлю:
MACD(-0.08) > Signal(-0.09)
RSI(38.34) < 50
Ціна(7.12) близько нижньої Bollinger(7.05)
(Патерн свічки підсилює сигнал: Hammer або Bullish Engulfing)
2024-12-27 01:21:48.237414,BANANAUSDT,1h,buy,37.582,38.53,36.87,Сигнал на купівлю:
MACD(-0.48) > Signal(-0.62)
RSI(47.37) < 50
Ціна(37.58) близько нижньої Bollinger(37.07)
(Патерн свічки підсилює сигнал: Hammer або Bullish Engulfing)
2024-12-27 01:21:51.378254,RAREUSDT,1h,buy,0.11177,0.11,0.11,Сигнал на купівлю:
MACD(-0.00) > Signal(-0.00)
RSI(47.91) < 50
Ціна(0.11) близько нижньої Bollinger(0.11)
(Патерн свічки підсилює сигнал: Hammer або Bullish Engulfing)
2024-12-27 01:21:54.670032,GUSDT,1h,buy,0.02947,0.03,0.03,Сигнал на купівлю:
MACD(-0.00) > Signal(-0.00)
RSI(18.13) < 50
Ціна(0.03) близько нижньої Bollinger(0.03)
2024-12-27 01:21:57.538839,SYNUSDT,1h,buy,0.5087,0.52,0.5,Сигнал на купівлю:
MACD(-0.01) > Signal(-0.01)
RSI(35.81) < 50
Ціна(0.51) близько нижньої Bollinger(0.50)
(Патерн свічки підсилює сигнал: Hammer або Bullish Engulfing)
2024-12-27 01:22:00.757558,SYSUSDT,1h,buy,0.10841,0.11,0.11,Сигнал на купівлю:
MACD(-0.00) > Signal(-0.00)
RSI(38.74) < 50
Ціна(0.11) близько нижньої Bollinger(0.11)
(Патерн свічки підсилює сигнал: Hammer або Bullish Engulfing)
2024-12-27 01:22:03.697430,VOXELUSDT,1h,buy,0.1708,0.18,0.17,Сигнал на купівлю:
MACD(-0.00) > Signal(-0.00)
RSI(38.14) < 50
Ціна(0.17) близько нижньої Bollinger(0.17)
(Патерн свічки підсилює сигнал: Hammer або Bullish Engulfing)
2024-12-27 01:22:06.666958,BRETTUSDT,1h,buy,0.12343,0.13,0.12,Сигнал на купівлю:
MACD(-0.00) > Signal(-0.00)
RSI(25.07) < 50
Ціна(0.12) близько нижньої Bollinger(0.12)
(Патерн свічки підсилює сигнал: Hammer або Bullish Engulfing)
2024-12-27 01:22:09.452258,ALPACAUSDT,1h,buy,0.16842,0.17,0.16,Сигнал на купівлю:
MACD(-0.00) > Signal(-0.00)
RSI(36.47) < 50
Ціна(0.17) близько нижньої Bollinger(0.17)
(Патерн свічки підсилює сигнал: Hammer або Bullish Engulfing)
2024-12-27 01:22:14.258630,VIDTUSDT,1h,buy,0.03017,0.03,0.03,Сигнал на купівлю:
MACD(-0.00) > Signal(-0.00)
RSI(35.14) < 50
Ціна(0.03) близько нижньої Bollinger(0.03)
(Патерн свічки підсилює сигнал: Hammer або Bullish Engulfing)
2024-12-27 01:22:17.251928,NULSUSDT,1h,buy,0.3944,0.4,0.39,Сигнал на купівлю:
MACD(-0.01) > Signal(-0.01)
RSI(38.03) < 50
Ціна(0.39) близько нижньої Bollinger(0.39)
(Патерн свічки підсилює сигнал: Hammer або Bullish Engulfing)
2024-12-27 01:22:20.158881,DOGSUSDT,1h,buy,0.0005275,0.0,0.0,Сигнал на купівлю:
MACD(-0.00) > Signal(-0.00)
RSI(41.24) < 50
Ціна(0.00) близько нижньої Bollinger(0.00)
(Патерн свічки підсилює сигнал: Hammer або Bullish Engulfing)
2024-12-27 01:22:23.306937,MBOXUSDT,1h,buy,0.1925,0.2,0.19,Сигнал на купівлю:
MACD(-0.00) > Signal(-0.00)
RSI(34.39) < 50
Ціна(0.19) близько нижньої Bollinger(0.19)
(Патерн свічки підсилює сигнал: Hammer або Bullish Engulfing)
2024-12-27 01:22:26.478261,CHESSUSDT,1h,buy,0.1918,0.2,0.19,Сигнал на купівлю:
MACD(-0.00) > Signal(-0.00)
RSI(34.34) < 50
Ціна(0.19) близько нижньої Bollinger(0.19)
2024-12-27 01:22:29.548199,FLUXUSDT,1h,buy,0.6037,0.62,0.59,Сигнал на купівлю:
MACD(-0.01) > Signal(-0.01)
RSI(45.56) < 50
Ціна(0.60) близько нижньої Bollinger(0.60)
(Патерн свічки підсилює сигнал: Hammer або Bullish Engulfing)
2024-12-27 01:22:32.777978,BSWUSDT,1h,buy,0.06506,0.07,0.06,Сигнал на купівлю:
MACD(-0.00) > Signal(-0.00)
RSI(38.54) < 50
Ціна(0.07) близько нижньої Bollinger(0.06)
2024-12-27 01:22:36.198199,QUICKUSDT,1h,buy,0.04233,0.04,0.04,Сигнал на купівлю:
MACD(-0.00) > Signal(-0.00)
RSI(35.17) < 50
Ціна(0.04) близько нижньої Bollinger(0.04)
(Патерн свічки підсилює сигнал: Hammer або Bullish Engulfing)
2024-12-27 01:22:39.762369,NEIROETHUSDT,1h,buy,0.04023,0.04,0.04,Сигнал на купівлю:
MACD(-0.00) > Signal(-0.00)
RSI(46.37) < 50
Ціна(0.04) близько нижньої Bollinger(0.04)
2024-12-27 01:22:42.784452,RPLUSDT,1h,buy,11.267,11.56,11.05,Сигнал на купівлю:
MACD(-0.16) > Signal(-0.18)
RSI(37.00) < 50
Ціна(11.27) близько нижньої Bollinger(11.13)
(Патерн свічки підсилює сигнал: Hammer або Bullish Engulfing)
2024-12-27 01:22:46.435150,POLUSDT,1h,buy,0.47747,0.49,0.47,Сигнал на купівлю:
MACD(-0.01) > Signal(-0.01)
RSI(33.35) < 50
Ціна(0.48) близько нижньої Bollinger(0.47)
(Патерн свічки підсилює сигнал: Hammer або Bullish Engulfing)
2024-12-27 01:22:50.296700,1MBABYDOGEUSDT,1h,buy,0.0033375,0.0,0.0,Сигнал на купівлю:
MACD(-0.00) > Signal(-0.00)
RSI(37.30) < 50
Ціна(0.00) близько нижньої Bollinger(0.00)
(Патерн свічки підсилює сигнал: Hammer або Bullish Engulfing)
2024-12-27 01:22:53.340756,NEIROUSDT,1h,buy,0.0009226,0.0,0.0,Сигнал на купівлю:
MACD(-0.00) > Signal(-0.00)
RSI(35.89) < 50
Ціна(0.00) близько нижньої Bollinger(0.00)
(Патерн свічки підсилює сигнал: Hammer або Bullish Engulfing)
2024-12-27 01:22:57.488375,KDAUSDT,1h,buy,0.9712,1.0,0.95,Сигнал на купівлю:
MACD(-0.02) > Signal(-0.02)
RSI(35.82) < 50
Ціна(0.97) близько нижньої Bollinger(0.95)
(Патерн свічки підсилює сигнал: Hammer або Bullish Engulfing)
2024-12-27 01:23:00.857418,FIDAUSDT,1h,buy,0.25093,0.26,0.25,Сигнал на купівлю:
MACD(-0.00) > Signal(-0.00)
RSI(45.87) < 50
Ціна(0.25) близько нижньої Bollinger(0.25)
(Патерн свічки підсилює сигнал: Hammer або Bullish Engulfing)
2024-12-27 01:23:03.795481,FIOUSDT,1h,buy,0.04034,0.04,0.04,Сигнал на купівлю:
MACD(-0.00) > Signal(-0.00)
RSI(37.22) < 50
Ціна(0.04) близько нижньої Bollinger(0.04)
2024-12-27 01:23:07.763046,GHSTUSDT,1h,buy,1.0254,1.05,1.01,Сигнал на купівлю:
MACD(-0.01) > Signal(-0.01)
RSI(49.38) < 50
Ціна(1.03) близько нижньої Bollinger(1.01)
(Патерн свічки підсилює сигнал: Hammer або Bullish Engulfing)
2024-12-27 01:23:10.896404,LOKAUSDT,1h,buy,0.2122,0.22,0.21,Сигнал на купівлю:
MACD(-0.00) > Signal(-0.00)
RSI(35.11) < 50
Ціна(0.21) близько нижньої Bollinger(0.21)
(Патерн свічки підсилює сигнал: Hammer або Bullish Engulfing)
2024-12-27 01:23:14.396859,HMSTRUSDT,1h,buy,0.002935,0.0,0.0,Сигнал на купівлю:
MACD(-0.00) > Signal(-0.00)
RSI(41.23) < 50
Ціна(0.00) близько нижньої Bollinger(0.00)
(Патерн свічки підсилює сигнал: Hammer або Bullish Engulfing)
2024-12-27 01:23:17.844123,BTCUSDT_250328,1h,buy,98541.6,99859.37,97553.27,Сигнал на купівлю:
MACD(-575.49) > Signal(-605.21)
RSI(47.24) < 50
Ціна(98541.60) близько нижньої Bollinger(97501.55)
(Патерн свічки підсилює сигнал: Hammer або Bullish Engulfing)
2024-12-27 01:23:22.238387,ETHUSDT_250328,1h,buy,3448.27,3510.71,3401.44,Сигнал на купівлю:
MACD(-28.44) > Signal(-31.68)
RSI(39.21) < 50
Ціна(3448.27) близько нижньої Bollinger(3396.91)
(Патерн свічки підсилює сигнал: Hammer або Bullish Engulfing)
2024-12-27 01:23:26.366578,REIUSDT,1h,buy,0.05614,0.06,0.06,Сигнал на купівлю:
MACD(-0.00) > Signal(-0.00)
RSI(36.32) < 50
Ціна(0.06) близько нижньої Bollinger(0.06)
(Патерн свічки підсилює сигнал: Hammer або Bullish Engulfing)
2024-12-27 01:23:29.876335,COSUSDT,1h,buy,0.007525,0.01,0.01,Сигнал на купівлю:
MACD(-0.00) > Signal(-0.00)
RSI(37.68) < 50
Ціна(0.01) близько нижньої Bollinger(0.01)
(Патерн свічки підсилює сигнал: Hammer або Bullish Engulfing)
2024-12-27 01:23:34.118310,DIAUSDT,1h,buy,0.6913,0.71,0.68,Сигнал на купівлю:
MACD(-0.01) > Signal(-0.01)
RSI(28.74) < 50
Ціна(0.69) близько нижньої Bollinger(0.69)
(Патерн свічки підсилює сигнал: Hammer або Bullish Engulfing)
2024-12-27 01:23:37.892683,SCRUSDT,1h,buy,1.069,1.1,1.04,Сигнал на купівлю:
MACD(-0.02) > Signal(-0.02)
RSI(32.02) < 50
Ціна(1.07) близько нижньої Bollinger(1.05)
2024-12-27 01:23:42.951869,SANTOSUSDT,1h,buy,3.298,3.38,3.24,Сигнал на купівлю:
MACD(-0.03) > Signal(-0.03)
RSI(37.33) < 50
Ціна(3.30) близько нижньої Bollinger(3.24)
(Патерн свічки підсилює сигнал: Hammer або Bullish Engulfing)
2024-12-27 01:23:46.107304,TROYUSDT,1h,buy,0.005704,0.01,0.01,Сигнал на купівлю:
MACD(-0.00) > Signal(-0.00)
RSI(40.80) < 50
Ціна(0.01) близько нижньої Bollinger(0.01)
2024-12-27 01:23:56.367739,HIPPOUSDT,1h,buy,0.00911,0.01,0.01,Сигнал на купівлю:
MACD(-0.00) > Signal(-0.00)
RSI(35.58) < 50
Ціна(0.01) близько нижньої Bollinger(0.01)
(Патерн свічки підсилює сигнал: Hammer або Bullish Engulfing)
2024-12-27 01:24:02.107876,AKTUSDT,1h,buy,2.998,3.07,2.94,Сигнал на купівлю:
MACD(-0.05) > Signal(-0.05)
RSI(18.79) < 50
Ціна(3.00) близько нижньої Bollinger(2.98)
(Патерн свічки підсилює сигнал: Hammer або Bullish Engulfing)
2024-12-27 01:24:05.307702,SLERFUSDT,1h,buy,0.1674,0.17,0.16,Сигнал на купівлю:
MACD(-0.00) > Signal(-0.00)
RSI(47.90) < 50
Ціна(0.17) близько нижньої Bollinger(0.16)
2024-12-27 01:24:10.165373,SCRTUSDT,1h,buy,0.3817,0.39,0.37,Сигнал на купівлю:
MACD(-0.01) > Signal(-0.01)
RSI(30.34) < 50
Ціна(0.38) близько нижньої Bollinger(0.38)
(Патерн свічки підсилює сигнал: Hammer або Bullish Engulfing)
2024-12-27 01:24:16.924170,KAIAUSDT,1h,buy,0.2096,0.22,0.21,Сигнал на купівлю:
MACD(-0.00) > Signal(-0.00)
RSI(44.74) < 50
Ціна(0.21) близько нижньої Bollinger(0.21)
(Патерн свічки підсилює сигнал: Hammer або Bullish Engulfing)
2024-12-27 01:24:20.023007,AEROUSDT,1h,buy,1.528,1.57,1.5,Сигнал на купівлю:
MACD(-0.02) > Signal(-0.02)
RSI(48.74) < 50
Ціна(1.53) близько нижньої Bollinger(1.51)
(Патерн свічки підсилює сигнал: Hammer або Bullish Engulfing)
2024-12-27 01:24:25.421125,RAYSOLUSDT,1h,buy,4.7971,4.95,4.68,Сигнал на купівлю:
MACD(-0.07) > Signal(-0.08)
RSI(41.97) < 50
Ціна(4.80) близько нижньої Bollinger(4.73)
(Патерн свічки підсилює сигнал: Hammer або Bullish Engulfing)
2024-12-27 01:25:30.093219,DEGOUSDT,1h,buy,3.0099,3.09,2.95,Сигнал на купівлю:
MACD(-0.03) > Signal(-0.04)
RSI(48.96) < 50
Ціна(3.01) близько нижньої Bollinger(2.95)
(Патерн свічки підсилює сигнал: Hammer або Bullish Engulfing)
2024-12-27 01:25:37.745745,USUALUSDT,1h,buy,1.2609,1.31,1.22,Сигнал на купівлю:
MACD(-0.02) > Signal(-0.02)
RSI(40.05) < 50
Ціна(1.26) близько нижньої Bollinger(1.25)
(Патерн свічки підсилює сигнал: Hammer або Bullish Engulfing)
2024-12-27 15:20:09.545439,XRPUSDT,1h,buy,2.1424,2.21,2.09,Сигнал на купівлю:
MACD(-0.01) > Signal(-0.01)
RSI(45.31) < 50
Ціна(2.14) близько нижньої Bollinger(2.13)
2024-12-27 15:20:12.415932,EOSUSDT,1h,buy,0.779,0.81,0.76,Сигнал на купівлю:
MACD(-0.00) > Signal(-0.00)
RSI(45.54) < 50
Ціна(0.78) близько нижньої Bollinger(0.77)
(Патерн свічки підсилює сигнал: Hammer або Bullish Engulfing)
2024-12-27 15:20:16.371903,ETCUSDT,1h,buy,25.977,26.77,25.38,Сигнал на купівлю:
MACD(0.03) > Signal(0.01)
RSI(45.41) < 50
Ціна(25.98) близько нижньої Bollinger(25.54)
2024-12-27 15:20:19.052404,LINKUSDT,1h,buy,22.378,23.21,21.76,Сигнал на купівлю:
MACD(-0.10) > Signal(-0.10)
RSI(41.04) < 50
Ціна(22.38) близько нижньої Bollinger(22.33)
2024-12-27 15:20:24.606893,DASHUSDT,1h,buy,39.65,41.51,38.25,Сигнал на купівлю:
MACD(-0.51) > Signal(-0.54)
RSI(42.24) < 50
Ціна(39.65) близько нижньої Bollinger(39.46)
2024-12-27 15:20:28.976103,ATOMUSDT,1h,buy,6.442,6.66,6.28,Сигнал на купівлю:
MACD(-0.01) > Signal(-0.01)
RSI(45.56) < 50
Ціна(6.44) близько нижньої Bollinger(6.38)
(Патерн свічки підсилює сигнал: Hammer або Bullish Engulfing)
2024-12-27 15:20:33.061943,BATUSDT,1h,buy,0.2397,0.25,0.23,Сигнал на купівлю:
MACD(-0.00) > Signal(-0.00)
RSI(45.10) < 50
Ціна(0.24) близько нижньої Bollinger(0.24)
2024-12-27 15:20:35.542266,VETUSDT,1h,buy,0.046097,0.05,0.04,Сигнал на купівлю:
MACD(-0.00) > Signal(-0.00)
RSI(44.24) < 50
Ціна(0.05) близько нижньої Bollinger(0.05)
(Патерн свічки підсилює сигнал: Hammer або Bullish Engulfing)
2024-12-27 15:20:38.267644,NEOUSDT,1h,buy,13.882,14.37,13.52,Сигнал на купівлю:
MACD(-0.01) > Signal(-0.02)
RSI(47.37) < 50
Ціна(13.88) близько нижньої Bollinger(13.64)
(Патерн свічки підсилює сигнал: Hammer або Bullish Engulfing)
2024-12-27 15:20:41.060194,QTUMUSDT,1h,buy,3.1,3.21,3.02,Сигнал на купівлю:
MACD(-0.00) > Signal(-0.01)
RSI(47.41) < 50
Ціна(3.10) близько нижньої Bollinger(3.06)
(Патерн свічки підсилює сигнал: Hammer або Bullish Engulfing)
2024-12-27 15:20:48.320103,COMPUSDT,1h,buy,79.13,82.17,76.85,Сигнал на купівлю:
MACD(-0.06) > Signal(-0.11)
RSI(47.31) < 50
Ціна(79.13) близько нижньої Bollinger(77.61)
2024-12-27 15:20:52.518427,DOGEUSDT,1h,buy,0.31038,0.32,0.3,Сигнал на купівлю:
MACD(-0.00) > Signal(-0.00)
RSI(45.70) < 50
Ціна(0.31) близько нижньої Bollinger(0.31)
2024-12-27 15:21:00.043610,DEFIUSDT,1h,buy,1100.9,1140.56,1071.16,Сигнал на купівлю:
MACD(0.56) > Signal(0.10)
RSI(45.10) < 50
Ціна(1100.90) близько нижньої Bollinger(1082.99)
2024-12-27 15:21:05.922785,SUSHIUSDT,1h,buy,1.4172,1.49,1.36,Сигнал на купівлю:
MACD(-0.01) > Signal(-0.01)
RSI(42.17) < 50
Ціна(1.42) близько нижньої Bollinger(1.41)
(Патерн свічки підсилює сигнал: Hammer або Bullish Engulfing)
2024-12-27 15:21:09.538937,EGLDUSDT,1h,buy,33.695,34.97,32.74,Сигнал на купівлю:
MACD(-0.01) > Signal(-0.04)
RSI(47.79) < 50
Ціна(33.70) близько нижньої Bollinger(33.06)
(Патерн свічки підсилює сигнал: Hammer або Bullish Engulfing)
2024-12-27 15:21:13.440294,STORJUSDT,1h,buy,0.4596,0.48,0.45,Сигнал на купівлю:
MACD(-0.00) > Signal(-0.00)
RSI(47.31) < 50
Ціна(0.46) близько нижньої Bollinger(0.45)
2024-12-27 15:21:16.651267,AVAXUSDT,1h,buy,36.663,38.07,35.61,Сигнал на купівлю:
MACD(-0.19) > Signal(-0.20)
RSI(43.44) < 50
Ціна(36.66) близько нижньої Bollinger(36.68)
2024-12-27 15:21:19.163455,FTMUSDT,1h,buy,0.8528,0.89,0.82,Сигнал на купівлю:
MACD(-0.01) > Signal(-0.01)
RSI(42.02) < 50
Ціна(0.85) близько нижньої Bollinger(0.85)
2024-12-27 15:21:23.755404,NEARUSDT,1h,buy,5.052,5.22,4.92,Сигнал на купівлю:
MACD(-0.01) > Signal(-0.01)
RSI(43.86) < 50
Ціна(5.05) близько нижньої Bollinger(5.01)
2024-12-27 15:21:32.441124,GRTUSDT,1h,buy,0.2066,0.21,0.2,Сигнал на купівлю:
MACD(-0.00) > Signal(-0.00)
RSI(45.38) < 50
Ціна(0.21) близько нижньої Bollinger(0.20)
2024-12-27 15:21:35.140940,1INCHUSDT,1h,buy,0.3906,0.41,0.38,Сигнал на купівлю:
MACD(0.00) > Signal(0.00)
RSI(47.11) < 50
Ціна(0.39) близько нижньої Bollinger(0.38)
(Патерн свічки підсилює сигнал: Hammer або Bullish Engulfing)
2024-12-27 15:21:38.892698,SANDUSDT,1h,buy,0.55124,0.57,0.53,Сигнал на купівлю:
MACD(-0.00) > Signal(-0.00)
RSI(46.37) < 50
Ціна(0.55) близько нижньої Bollinger(0.55)
(Патерн свічки підсилює сигнал: Hammer або Bullish Engulfing)
2024-12-27 15:21:43.563774,RVNUSDT,1h,buy,0.02077,0.02,0.02,Сигнал на купівлю:
MACD(-0.00) > Signal(-0.00)
RSI(44.29) < 50
Ціна(0.02) близько нижньої Bollinger(0.02)
2024-12-27 15:21:47.449836,CHRUSDT,1h,buy,0.2357,0.25,0.23,Сигнал на купівлю:
MACD(-0.00) > Signal(-0.00)
RSI(47.17) < 50
Ціна(0.24) близько нижньої Bollinger(0.23)
2024-12-27 15:21:51.553965,HBARUSDT,1h,buy,0.27684,0.29,0.27,Сигнал на купівлю:
MACD(-0.00) > Signal(-0.00)
RSI(39.32) < 50
Ціна(0.28) близько нижньої Bollinger(0.28)
(Патерн свічки підсилює сигнал: Hammer або Bullish Engulfing)
2024-12-27 15:21:55.198107,ONEUSDT,1h,buy,0.02898,0.03,0.03,Сигнал на купівлю:
MACD(-0.00) > Signal(-0.00)
RSI(44.23) < 50
Ціна(0.03) близько нижньої Bollinger(0.03)
2024-12-27 15:21:59.061316,DENTUSDT,1h,buy,0.001202,0.0,0.0,Сигнал на купівлю:
MACD(-0.00) > Signal(-0.00)
RSI(44.79) < 50
Ціна(0.00) близько нижньої Bollinger(0.00)
2024-12-27 15:22:01.763501,CELRUSDT,1h,buy,0.02003,0.02,0.02,Сигнал на купівлю:
MACD(-0.00) > Signal(-0.00)
RSI(47.06) < 50
Ціна(0.02) близько нижньої Bollinger(0.02)
(Патерн свічки підсилює сигнал: Hammer або Bullish Engulfing)
2024-12-27 15:22:07.785772,1000SHIBUSDT,1h,buy,0.021479,0.02,0.02,Сигнал на купівлю:
MACD(-0.00) > Signal(-0.00)
RSI(47.53) < 50
Ціна(0.02) близько нижньої Bollinger(0.02)
(Патерн свічки підсилює сигнал: Hammer або Bullish Engulfing)
2024-12-27 15:22:16.291250,1000XECUSDT,1h,buy,0.03439,0.04,0.03,Сигнал на купівлю:
MACD(0.00) > Signal(-0.00)
RSI(47.56) < 50
Ціна(0.03) близько нижньої Bollinger(0.03)
2024-12-27 15:22:23.112441,LPTUSDT,1h,buy,16.581,17.42,15.95,Сигнал на купівлю:
MACD(-0.29) > Signal(-0.30)
RSI(34.95) < 50
Ціна(16.58) близько нижньої Bollinger(16.42)
(Патерн свічки підсилює сигнал: Hammer або Bullish Engulfing)
2024-12-27 15:22:39.030807,ICPUSDT,1h,buy,10.241,10.64,9.94,Сигнал на купівлю:
MACD(-0.03) > Signal(-0.04)
RSI(45.52) < 50
Ціна(10.24) близько нижньої Bollinger(10.12)
2024-12-27 15:22:51.433458,STXUSDT,1h,buy,1.57,1.63,1.53,Сигнал на купівлю:
MACD(-0.00) > Signal(-0.00)
RSI(44.85) < 50
Ціна(1.57) близько нижньої Bollinger(1.55)
(Патерн свічки підсилює сигнал: Hammer або Bullish Engulfing)
2024-12-27 15:23:20.626969,SEIUSDT,1h,buy,0.4156,0.43,0.4,Сигнал на купівлю:
MACD(-0.00) > Signal(-0.00)
RSI(42.74) < 50
Ціна(0.42) близько нижньої Bollinger(0.41)
(Патерн свічки підсилює сигнал: Hammer або Bullish Engulfing)
2024-12-27 15:23:24.996259,HIFIUSDT,1h,buy,0.5346,0.55,0.52,Сигнал на купівлю:
MACD(0.00) > Signal(0.00)
RSI(49.34) < 50
Ціна(0.53) близько нижньої Bollinger(0.53)
(Патерн свічки підсилює сигнал: Hammer або Bullish Engulfing)
2024-12-27 15:23:30.425973,BSVUSDT,1h,buy,52.86,54.5,51.63,Сигнал на купівлю:
MACD(-0.10) > Signal(-0.13)
RSI(45.10) < 50
Ціна(52.86) близько нижньої Bollinger(52.35)
(Патерн свічки підсилює сигнал: Hammer або Bullish Engulfing)
2024-12-27 15:23:39.333021,TWTUSDT,1h,buy,1.1957,1.23,1.17,Сигнал на купівлю:
MACD(-0.00) > Signal(-0.00)
RSI(48.19) < 50
Ціна(1.20) близько нижньої Bollinger(1.18)
(Патерн свічки підсилює сигнал: Hammer або Bullish Engulfing)
2024-12-27 15:23:53.885280,AUCTIONUSDT,1h,buy,17.615,18.27,17.12,Сигнал на купівлю:
MACD(-0.05) > Signal(-0.08)
RSI(46.76) < 50
Ціна(17.61) близько нижньої Bollinger(17.41)
(Патерн свічки підсилює сигнал: Hammer або Bullish Engulfing)
2024-12-27 15:24:01.557050,WIFUSDT,1h,buy,1.8327,1.91,1.78,Сигнал на купівлю:
MACD(-0.00) > Signal(-0.01)
RSI(46.76) < 50
Ціна(1.83) близько нижньої Bollinger(1.80)
(Патерн свічки підсилює сигнал: Hammer або Bullish Engulfing)
2024-12-27 15:24:04.947467,ONDOUSDT,1h,buy,1.4548,1.52,1.41,Сигнал на купівлю:
MACD(-0.01) > Signal(-0.01)
RSI(42.35) < 50
Ціна(1.45) близько нижньої Bollinger(1.44)
(Патерн свічки підсилює сигнал: Hammer або Bullish Engulfing)
2024-12-27 15:24:16.004643,TONUSDT,1h,buy,5.7303,5.88,5.62,Сигнал на купівлю:
MACD(0.00) > Signal(-0.00)
RSI(48.47) < 50
Ціна(5.73) близько нижньої Bollinger(5.68)
2024-12-27 15:24:19.518792,AXLUSDT,1h,buy,0.7146,0.74,0.69,Сигнал на купівлю:
MACD(-0.00) > Signal(-0.00)
RSI(43.27) < 50
Ціна(0.71) близько нижньої Bollinger(0.71)
2024-12-27 15:24:28.492868,ENAUSDT,1h,buy,0.9234,0.97,0.89,Сигнал на купівлю:
MACD(-0.00) > Signal(-0.00)
RSI(41.58) < 50
Ціна(0.92) близько нижньої Bollinger(0.91)
2024-12-27 15:24:53.695812,FLUXUSDT,1h,buy,0.6057,0.63,0.59,Сигнал на купівлю:
MACD(0.00) > Signal(-0.00)
RSI(48.32) < 50
Ціна(0.61) близько нижньої Bollinger(0.59)
2024-12-27 15:25:01.083468,1MBABYDOGEUSDT,1h,buy,0.0032914,0.0,0.0,Сигнал на купівлю:
MACD(-0.00) > Signal(-0.00)
RSI(43.94) < 50
Ціна(0.00) близько нижньої Bollinger(0.00)
2024-12-27 15:25:10.063612,ETHUSDT_250328,1h,buy,3426.0,3508.03,3364.48,Сигнал на купівлю:
MACD(-4.49) > Signal(-4.88)
RSI(44.70) < 50
Ціна(3426.00) близько нижньої Bollinger(3403.57)
2024-12-27 15:25:14.798568,DIAUSDT,1h,buy,0.6941,0.72,0.68,Сигнал на купівлю:
MACD(0.00) > Signal(-0.00)
RSI(49.29) < 50
Ціна(0.69) близько нижньої Bollinger(0.68)
2024-12-27 15:25:17.538089,1000CATUSDT,1h,buy,0.03671,0.04,0.04,Сигнал на купівлю:
MACD(-0.00) > Signal(-0.00)
RSI(42.95) < 50
Ціна(0.04) близько нижньої Bollinger(0.04)
2024-12-27 15:25:21.488280,SCRUSDT,1h,buy,1.0444,1.08,1.01,Сигнал на купівлю:
MACD(-0.01) > Signal(-0.01)
RSI(32.11) < 50
Ціна(1.04) близько нижньої Bollinger(1.05)
2024-12-27 15:25:25.306965,SAFEUSDT,1h,buy,1.0449,1.08,1.02,Сигнал на купівлю:
MACD(-0.00) > Signal(-0.01)
RSI(48.13) < 50
Ціна(1.04) близько нижньої Bollinger(1.03)
(Патерн свічки підсилює сигнал: Hammer або Bullish Engulfing)
2024-12-27 15:25:31.746088,CETUSUSDT,1h,buy,0.33613,0.35,0.32,Сигнал на купівлю:
MACD(-0.00) > Signal(-0.00)
RSI(44.92) < 50
Ціна(0.34) близько нижньої Bollinger(0.33)
2024-12-27 15:25:38.318289,PNUTUSDT,1h,buy,0.64235,0.67,0.62,Сигнал на купівлю:
MACD(-0.00) > Signal(-0.00)
RSI(41.55) < 50
Ціна(0.64) близько нижньої Bollinger(0.64)
(Патерн свічки підсилює сигнал: Hammer або Bullish Engulfing)
2024-12-27 15:25:43.932806,AKTUSDT,1h,buy,3.012,3.12,2.93,Сигнал на купівлю:
MACD(-0.01) > Signal(-0.02)
RSI(49.75) < 50
Ціна(3.01) близько нижньої Bollinger(2.96)
2024-12-27 15:25:48.232379,1000CHEEMSUSDT,1h,buy,0.0008481,0.0,0.0,Сигнал на купівлю:
MACD(-0.00) > Signal(-0.00)
RSI(28.57) < 50
Ціна(0.00) близько нижньої Bollinger(0.00)
(Патерн свічки підсилює сигнал: Hammer або Bullish Engulfing)
2024-12-27 15:25:54.068764,KAIAUSDT,1h,buy,0.2067,0.21,0.2,Сигнал на купівлю:
MACD(-0.00) > Signal(-0.00)
RSI(41.54) < 50
Ціна(0.21) близько нижньої Bollinger(0.21)
(Патерн свічки підсилює сигнал: Hammer або Bullish Engulfing)
2024-12-27 15:26:04.513421,DEGOUSDT,1h,buy,2.9992,3.1,2.92,Сигнал на купівлю:
MACD(-0.00) > Signal(-0.01)
RSI(48.85) < 50
Ціна(3.00) близько нижньої Bollinger(2.94)
(Патерн свічки підсилює сигнал: Hammer або Bullish Engulfing)
2024-12-27 15:26:13.213645,KMNOUSDT,1h,buy,0.15993,0.17,0.16,Сигнал на купівлю:
MACD(-0.00) > Signal(-0.00)
RSI(41.43) < 50
Ціна(0.16) близько нижньої Bollinger(0.16)
(Патерн свічки підсилює сигнал: Hammer або Bullish Engulfing)
2024-12-27 15:27:09.648954,XRPUSDT,1h,buy,2.1441,2.21,2.09,Сигнал на купівлю:
MACD(-0.01) > Signal(-0.01)
RSI(45.61) < 50
Ціна(2.14) близько нижньої Bollinger(2.13)
2024-12-27 15:27:13.430030,EOSUSDT,1h,buy,0.78,0.81,0.76,Сигнал на купівлю:
MACD(-0.00) > Signal(-0.00)
RSI(45.95) < 50
Ціна(0.78) близько нижньої Bollinger(0.77)
(Патерн свічки підсилює сигнал: Hammer або Bullish Engulfing)
2024-12-27 15:27:18.141597,ETCUSDT,1h,buy,26.018,26.81,25.43,Сигнал на купівлю:
MACD(0.03) > Signal(0.02)
RSI(46.05) < 50
Ціна(26.02) близько нижньої Bollinger(25.54)
2024-12-27 15:27:21.570551,LINKUSDT,1h,buy,22.425,23.26,21.8,Сигнал на купівлю:
MACD(-0.09) > Signal(-0.10)
RSI(41.66) < 50
Ціна(22.43) близько нижньої Bollinger(22.34)
2024-12-27 15:58:04.243778,XRPUSDT,1h,buy,2.1406,2.21,2.09,Сигнал на купівлю:
MACD(-0.01) > Signal(-0.01)
RSI(44.99) < 50
Ціна(2.14) близько нижньої Bollinger(2.13)
2024-12-27 15:58:08.542557,EOSUSDT,1h,buy,0.782,0.81,0.76,Сигнал на купівлю:
MACD(-0.00) > Signal(-0.00)
RSI(46.79) < 50
Ціна(0.78) близько нижньої Bollinger(0.77)
(Патерн свічки підсилює сигнал: Hammer або Bullish Engulfing)
2024-12-27 15:58:16.014962,ETCUSDT,1h,buy,25.998,26.8,25.39,Сигнал на купівлю:
MACD(0.03) > Signal(0.02)
RSI(45.73) < 50
Ціна(26.00) близько нижньої Bollinger(25.54)
2024-12-27 15:58:27.177194,DASHUSDT,1h,buy,39.62,41.5,38.21,Сигнал на купівлю:
MACD(-0.51) > Signal(-0.54)
RSI(42.09) < 50
Ціна(39.62) близько нижньої Bollinger(39.45)
2024-12-27 15:58:34.962703,BNBUSDT,1h,buy,688.79,702.96,678.16,Сигнал на купівлю:
MACD(0.88) > Signal(0.81)
RSI(49.29) < 50
Ціна(688.79) близько нижньої Bollinger(681.44)
(Патерн свічки підсилює сигнал: Hammer або Bullish Engulfing)
2024-12-27 15:58:38.961263,ATOMUSDT,1h,buy,6.465,6.69,6.3,Сигнал на купівлю:
MACD(-0.01) > Signal(-0.01)
RSI(46.74) < 50
Ціна(6.46) близько нижньої Bollinger(6.39)
(Патерн свічки підсилює сигнал: Hammer або Bullish Engulfing)
2024-12-27 15:58:46.330385,BATUSDT,1h,buy,0.2406,0.25,0.23,Сигнал на купівлю:
MACD(-0.00) > Signal(-0.00)
RSI(46.00) < 50
Ціна(0.24) близько нижньої Bollinger(0.24)
2024-12-27 15:58:50.171321,VETUSDT,1h,buy,0.046067,0.05,0.04,Сигнал на купівлю:
MACD(-0.00) > Signal(-0.00)
RSI(44.07) < 50
Ціна(0.05) близько нижньої Bollinger(0.05)
(Патерн свічки підсилює сигнал: Hammer або Bullish Engulfing)
2024-12-27 15:58:54.213371,NEOUSDT,1h,buy,13.901,14.39,13.54,Сигнал на купівлю:
MACD(-0.00) > Signal(-0.02)
RSI(47.85) < 50
Ціна(13.90) близько нижньої Bollinger(13.64)
(Патерн свічки підсилює сигнал: Hammer або Bullish Engulfing)
2024-12-27 15:58:58.622925,QTUMUSDT,1h,buy,3.104,3.21,3.02,Сигнал на купівлю:
MACD(-0.00) > Signal(-0.01)
RSI(47.86) < 50
Ціна(3.10) близько нижньої Bollinger(3.06)
(Патерн свічки підсилює сигнал: Hammer або Bullish Engulfing)
2024-12-27 15:59:06.810779,COMPUSDT,1h,buy,79.14,82.22,76.83,Сигнал на купівлю:
MACD(-0.06) > Signal(-0.11)
RSI(47.34) < 50
Ціна(79.14) близько нижньої Bollinger(77.61)
2024-12-27 15:59:10.904929,DOGEUSDT,1h,buy,0.31177,0.32,0.3,Сигнал на купівлю:
MACD(-0.00) > Signal(-0.00)
RSI(47.50) < 50
Ціна(0.31) близько нижньої Bollinger(0.31)
2024-12-27 15:59:18.491604,DEFIUSDT,1h,buy,1100.9,1141.31,1070.59,Сигнал на купівлю:
MACD(0.56) > Signal(0.10)
RSI(45.10) < 50
Ціна(1100.90) близько нижньої Bollinger(1082.99)
2024-12-27 15:59:26.360054,SUSHIUSDT,1h,buy,1.424,1.5,1.37,Сигнал на купівлю:
MACD(-0.01) > Signal(-0.01)
RSI(43.20) < 50
Ціна(1.42) близько нижньої Bollinger(1.41)
(Патерн свічки підсилює сигнал: Hammer або Bullish Engulfing)
2024-12-27 15:59:31.413305,STORJUSDT,1h,buy,0.4604,0.48,0.45,Сигнал на купівлю:
MACD(-0.00) > Signal(-0.00)
RSI(47.89) < 50
Ціна(0.46) близько нижньої Bollinger(0.45)
2024-12-27 15:59:34.901165,AVAXUSDT,1h,buy,36.613,38.04,35.55,Сигнал на купівлю:
MACD(-0.20) > Signal(-0.20)
RSI(43.08) < 50
Ціна(36.61) близько нижньої Bollinger(36.66)
2024-12-27 15:59:37.826865,FTMUSDT,1h,buy,0.85,0.89,0.82,Сигнал на купівлю:
MACD(-0.01) > Signal(-0.01)
RSI(41.36) < 50
Ціна(0.85) близько нижньої Bollinger(0.85)
2024-12-27 15:59:42.438293,NEARUSDT,1h,buy,5.065,5.24,4.94,Сигнал на купівлю:
MACD(-0.01) > Signal(-0.01)
RSI(44.68) < 50
Ціна(5.07) близько нижньої Bollinger(5.01)
2024-12-27 15:59:51.649603,GRTUSDT,1h,buy,0.2068,0.21,0.2,Сигнал на купівлю:
MACD(-0.00) > Signal(-0.00)
RSI(45.65) < 50
Ціна(0.21) близько нижньої Bollinger(0.20)
2024-12-27 15:59:54.920225,1INCHUSDT,1h,buy,0.3904,0.41,0.38,Сигнал на купівлю:
MACD(0.00) > Signal(0.00)
RSI(46.95) < 50
Ціна(0.39) близько нижньої Bollinger(0.38)
(Патерн свічки підсилює сигнал: Hammer або Bullish Engulfing)
2024-12-27 15:59:58.405564,SANDUSDT,1h,buy,0.55128,0.57,0.53,Сигнал на купівлю:
MACD(-0.00) > Signal(-0.00)
RSI(46.39) < 50
Ціна(0.55) близько нижньої Bollinger(0.55)
(Патерн свічки підсилює сигнал: Hammer або Bullish Engulfing)
2024-12-27 16:00:36.290385,LPTUSDT,1h,buy,16.68,17.43,16.12,Сигнал на купівлю:
MACD(-0.29) > Signal(-0.30)
RSI(42.30) < 50
Ціна(16.68) близько нижньої Bollinger(16.40)
2024-12-27 16:00:50.018508,STGUSDT,1h,buy,0.3639,0.38,0.35,Сигнал на купівлю:
MACD(-0.00) > Signal(-0.00)
RSI(46.27) < 50
Ціна(0.36) близько нижньої Bollinger(0.36)
2024-12-27 16:02:04.217888,ONDOUSDT,1h,buy,1.455,1.52,1.41,Сигнал на купівлю:
MACD(-0.01) > Signal(-0.01)
RSI(39.51) < 50
Ціна(1.46) близько нижньої Bollinger(1.44)
2024-12-27 16:02:51.563568,1MBABYDOGEUSDT,1h,buy,0.003291,0.0,0.0,Сигнал на купівлю:
MACD(-0.00) > Signal(-0.00)
RSI(45.00) < 50
Ціна(0.00) близько нижньої Bollinger(0.00)
2024-12-27 16:03:21.369791,1000CATUSDT,1h,buy,0.03687,0.04,0.04,Сигнал на купівлю:
MACD(-0.00) > Signal(-0.00)
RSI(47.56) < 50
Ціна(0.04) близько нижньої Bollinger(0.04)
2024-12-27 16:03:30.988040,SAFEUSDT,1h,buy,1.0428,1.08,1.02,Сигнал на купівлю:
MACD(-0.01) > Signal(-0.01)
RSI(49.10) < 50
Ціна(1.04) близько нижньої Bollinger(1.03)
2024-12-27 16:04:00.377634,AKTUSDT,1h,buy,2.99,3.09,2.91,Сигнал на купівлю:
MACD(-0.02) > Signal(-0.02)
RSI(49.01) < 50
Ціна(2.99) близько нижньої Bollinger(2.96)
2024-12-27 16:04:04.915684,1000CHEEMSUSDT,1h,buy,0.0008558,0.0,0.0,Сигнал на купівлю:
MACD(-0.00) > Signal(-0.00)
RSI(32.12) < 50
Ціна(0.00) близько нижньої Bollinger(0.00)
(Патерн свічки підсилює сигнал: Hammer або Bullish Engulfing)
2024-12-27 16:04:24.135608,LUMIAUSDT,1h,buy,1.315,1.38,1.26,Сигнал на купівлю:
MACD(-0.01) > Signal(-0.01)
RSI(48.77) < 50
Ціна(1.31) близько нижньої Bollinger(1.30)
(Патерн свічки підсилює сигнал: Hammer або Bullish Engulfing)
2024-12-27 16:07:59.500498,RLCUSDT,1h,buy,2.0907,2.18,2.03,Сигнал на купівлю:
MACD(-0.01) > Signal(-0.01)
RSI(49.46) < 50
Ціна(2.09) близько нижньої Bollinger(2.06)
(Патерн свічки підсилює сигнал: Hammer або Bullish Engulfing)
2024-12-27 16:08:55.784013,LPTUSDT,1h,buy,16.631,17.38,16.07,Сигнал на купівлю:
MACD(-0.30) > Signal(-0.30)
RSI(41.26) < 50
Ціна(16.63) близько нижньої Bollinger(16.39)
2024-12-27 16:09:08.605262,STGUSDT,1h,buy,0.3623,0.38,0.35,Сигнал на купівлю:
MACD(-0.00) > Signal(-0.00)
RSI(44.74) < 50
Ціна(0.36) близько нижньої Bollinger(0.36)
2024-12-27 16:10:36.273092,TONUSDT,1h,buy,5.7329,5.88,5.62,Сигнал на купівлю:
MACD(-0.00) > Signal(-0.00)
RSI(48.77) < 50
Ціна(5.73) близько нижньої Bollinger(5.68)
2024-12-27 16:11:41.885716,RLCUSDT,1h,buy,2.0905,2.18,2.03,Сигнал на купівлю:
MACD(-0.01) > Signal(-0.01)
RSI(49.43) < 50
Ціна(2.09) близько нижньої Bollinger(2.06)
(Патерн свічки підсилює сигнал: Hammer або Bullish Engulfing)
